CodigodoMunicipio; Municipios;TerritoriosdeIdentidade;Ano;Branca;Preta;Amarela;Parda;Indigena;Ignorado
2900108;Abaíra;Chapada Diamantina;1991;73,7;4,2;;21,5;;0,6
2900207;Abaré;Itaparica;1991;16,4;6,1;;77,1;0,2;0,2
2900306;Acajutiba;Litoral Norte e Agreste Baiano;1991;12,9;7,1;;80;;0,1
2900355;Adustina;Semiárido Nordeste II;1991;5,7;1,2;;92,2;;0,9
2900405;Água Fria;Portal do Sertão;1991;6,5;6,7;;86,8;;0
2900603;Aiquara;Médio Rio de Contas;1991;4,9;6,1;0,3;77,2;;11,5
2900702;Alagoinhas;Litoral Norte e Agreste Baiano;1991;16,8;14;0;68,9;0;0,2
2900801;Alcobaça;Extremo Sul;1991;8,2;14,9;2,6;71,9;0,1;2,3
2900900;Almadina;Litoral Sul;1991;20,1;11,2;;68,4;;0,3
2901007;Amargosa;Vale do Jiquiriçá;1991;22,3;16;0;61,5;0;0,2
2901106;Amélia Rodrigues;Portal do Sertão;1991;4,2;16,7;;78,7;;0,4
2901155;América Dourada;Irecê;1991;17,6;14,1;0,1;67,6;;0,6
2901205;Anagé;Sudoeste Baiano;1991;28,4;2;;68,9;;0,8
2901304;Andaraí;Chapada Diamantina;1991;5,6;16,7;0,1;77;0;0,6
2901353;Andorinha;Piemonte Norte do Itapicuru;1991;18,7;1,1;;80,2;0;
2901403;Angical;Bacia do Rio Grande;1991;19,7;2,6;0;76,4;0;1,2
2901502;Anguera;Portal do Sertão;1991;7,8;8,4;0,1;83,2;0,4;0,1
2901601;Antas;Semiárido Nordeste II;1991;35,4;2,9;;60,8;0,1;0,8
2901700;Antônio Cardoso;Portal do Sertão;1991;9;23,9;;66,4;;0,8
2901809;Antônio Gonçalves;Piemonte Norte do Itapicuru;1991;14,2;3;;82,6;;0,2
2901908;Aporá;Litoral Norte e Agreste Baiano;1991;16,8;7,7;0,1;74,9;0,3;0,3
2901957;Apuarema;Médio Rio de Contas;1991;13;10,1;;76,4;;0,5
2902054;Araçás;Litoral Norte e Agreste Baiano;1991;5,8;17,2;0,1;76,9;;
2902005;Aracatu;Sudoeste Baiano;1991;53,6;5,6;;40,5;;0,3
2902104;Araci;Sisal;1991;17;6,2;;76,2;;0,6
2902203;Aramari;Litoral Norte e Agreste Baiano;1991;4,5;34,2;0,3;59,7;;1,3
2902252;Arataca;Litoral Sul;1991;7,6;6;0,1;84,9;0,2;1,2
2902302;Aratuípe;Baixo Sul;1991;4,3;16,4;;78,9;;0,4
2902401;Aurelino Leal;Litoral Sul;1991;9,4;9;;80,8;;0,7
2902500;Baianópolis;Bacia do Rio Grande;1991;31,4;2,6;;65,9;;0,1
2902609;Baixa Grande;Bacia do Jacuípe;1991;12,3;7,6;0,1;79,3;;0,6
2902658;Banzaê;Semiárido Nordeste II;1991;33;2,8;;54,3;9,8;0,1
2902708;Barra;Velho Chico;1991;10,4;11,9;0;77,2;0;0,5
2902807;Barra da Estiva;Chapada Diamantina;1991;29,3;9,7;0,7;58,9;0,1;1,3
2902906;Barra do Choça;Sudoeste Baiano;1991;24,6;5;;69,7;;0,7
2903003;Barra do Mendes;Irecê;1991;36;4,4;;59,5;;0,1
2903102;Barra do Rocha;Médio Rio de Contas;1991;8,5;10,9;0;80,5;;0,1
2903201;Barreiras;Bacia do Rio Grande;1991;28,8;5,2;0,1;65,5;0;0,5
2903235;Barro Alto;Irecê;1991;27,4;1,9;;70,2;;0,4
2903300;Barro Preto/Lomanto Junior;Litoral Sul;1991;14,3;6,7;0,4;78;0,4;0,1
2903276;Barrocas;Sisal;1991;;;;;;
2903409;Belmonte;Costa do Descobrimento;1991;11,5;8,9;0,1;79;;0,6
2903508;Belo Campo;Sudoeste Baiano;1991;24,8;3,9;;71;;0,4
2903607;Biritinga;Sisal;1991;6,5;9,4;0,1;83,7;;0,3
2903706;Boa Nova;Médio Rio de Contas;1991;9,1;5,1;0,1;84,7;0,6;0,5
2903805;Boa Vista do Tupim;Piemonte do Paraguaçu;1991;13,2;6,6;;79,4;0,2;0,6
2903904;Bom Jesus da Lapa;Velho Chico;1991;21;9,6;0,2;69;0;0,1
2903953;Bom Jesus da Serra;Sudoeste Baiano;1991;19,7;7,2;;73,1;;0
2904001;Boninal;Chapada Diamantina;1991;21,7;12,6;0;65,1;;0,6
2904050;Bonito;Chapada Diamantina;1991;21,9;7,1;;71;;
2904100;Boquira;Bacia do Paramirim;1991;28,7;3,2;;68;;0,1
2904209;Botuporã;Bacia do Paramirim;1991;14;8;0,2;77;;0,8
2904308;Brejões;Vale do Jiquiriçá;1991;8,3;7,1;0;84,6;;
2904407;Brejolândia;Bacia do Rio Corrente;1991;30,8;5;;64,1;;0,2
2904506;Brotas de Macaúbas;Velho Chico;1991;15,8;2,4;;81,4;;0,4
2904605;Brumado;Sertão Produtivo;1991;45,4;6,6;;47,3;0;0,6
2904704;Buerarema;Litoral Sul;1991;12,7;4,8;;82,4;0;0,1
2904753;Buritirama;Bacia do Rio Grande;1991;17,5;2,9;0,2;78,1;0,1;1,2
2904803;Caatiba;Médio Sudoeste da Bahia;1991;24,7;6,3;;68,5;0,1;0,4
2904852;Cabaceiras do Paraguaçu;Recôncavo;1991;6,7;29,9;;62,2;;1,2
2904902;Cachoeira;Recôncavo;1991;6,9;20,5;;72,4;;0,2
2905008;Caculé;Sertão Produtivo;1991;35;4,7;0,1;60;;0,3
2905107;Caém;Piemonte da Diamantina;1991;7,4;9,3;;82,4;;0,9
2905156;Caetanos;Sudoeste Baiano;1991;50,9;0,6;;48,4;;0,1
2905206;Caetité;Sertão Produtivo;1991;40,7;9,3;;49,8;;0,3
2905305;Cafarnaum;Irecê;1991;16,2;9,4;0,1;74,3;;0,1
2905404;Cairu;Baixo Sul;1991;3,7;8,5;;87,5;0,1;0,2
2905503;Caldeirão Grande;Piemonte Norte do Itapicuru;1991;20,3;5,5;;73,7;;0,5
2905602;Camacan;Litoral Sul;1991;6,8;8,9;0,1;82,9;0,1;1,3
2905701;Camaçari;Metropolitano de Salvador;1991;12,7;11,3;0,2;75;0,1;0,8
2905800;Camamu;Baixo Sul;1991;15,5;19,7;0,5;63,8;0,2;0,2
2905909;Campo Alegre de Lourdes;Sertão do São Francisco;1991;27,5;6,8;;65,5;;0,3
2906006;Campo Formoso;Piemonte Norte do Itapicuru;1991;17,9;5,4;0,1;76,5;0;0
2906105;Canápolis;Bacia do Rio Corrente;1991;53,8;4,4;;41,8;;0,1
2906204;Canarana;Irecê;1991;23,1;7,3;0,1;69,5;;
2906303;Canavieiras;Litoral Sul;1991;11,8;11,6;0,1;76,1;0;0,4
2906402;Candeal;Sisal;1991;11,3;12,4;;75,6;;0,6
2906501;Candeias;Metropolitano de Salvador;1991;6,4;13,3;0,1;79,3;0,1;0,7
2906600;Candiba;Sertão Produtivo;1991;42,8;14;0,1;43,1;;0
2906709;Cândido Sales;Sudoeste Baiano;1991;29,2;6,9;0;63,6;;0,3
2906808;Cansanção;Sisal;1991;16;2,6;0;81,3;;0,1
2906824;Canudos;Sertão do São Francisco;1991;8;1,4;;89,7;;0,8
2906857;Capela do Alto Alegre;Bacia do Jacuípe;1991;23,1;6,8;;70;;0,1
2906873;Capim Grosso;Bacia do Jacuípe;1991;39,1;7,1;0,1;53,7;;0,1
2906899;Caraíbas;Sudoeste Baiano;1991;46,1;2;;51,6;;0,3
2906907;Caravelas;Extremo Sul;1991;14,4;11,2;0,1;73,1;0,2;1
2907004;Cardeal da Silva;Litoral Norte e Agreste Baiano;1991;16,7;18,1;;64,5;;0,7
2907103;Carinhanha;Velho Chico;1991;21,1;9,1;0,2;69,5;0,1;0
2907202;Casa Nova;Sertão do São Francisco;1991;28,3;8,1;0,6;62,7;0;0,3
2907301;Castro Alves;Recôncavo;1991;11,5;17,8;;70,3;;0,4
2907400;Catolândia;Bacia do Rio Grande;1991;24,7;7,1;;68,3;;
2907509;Catu;Litoral Norte e Agreste Baiano;1991;6,9;17,2;0;75;0,1;0,7
2907558;Caturama;Bacia do Paramirim;1991;67,7;9;;22;;1,3
2907608;Central;Irecê;1991;42,4;10,1;;46,9;;0,6
2907707;Chorrochó;Itaparica;1991;11,2;4,7;0,1;83,1;;0,9
2907806;Cícero Dantas;Semiárido Nordeste II;1991;48,9;6,1;;44,1;0,6;0,3
2907905;Cipó;Semiárido Nordeste II;1991;22,1;7,6;;69,8;;0,5
2908002;Coaraci;Litoral Sul;1991;19,8;4,9;0,4;72,4;0;2,5
2908101;Côcos;Bacia do Rio Corrente;1991;53,5;2,4;;44;;
2908200;Conceição da Feira;Portal do Sertão;1991;11,7;27,7;0,1;60,4;;0,1
2908309;Conceição do Almeida;Recôncavo;1991;12,6;23,9;1;61,9;0;0,6
2908408;Conceição do Coité;Sisal;1991;26;4,7;;69,1;0;0,1
2908507;Conceição do Jacuípe;Portal do Sertão;1991;5,4;17,1;0;77,3;0,2;0
2908606;Conde;Litoral Norte e Agreste Baiano;1991;13,2;14,5;;71;;1,4
2908705;Condeúba;Sudoeste Baiano;1991;34,5;6,8;;58,5;;0,1
2908804;Contendas do Sincorá;Sertão Produtivo;1991;14,1;6,8;;78,7;;0,4
2908903;Coração de Maria;Portal do Sertão;1991;9,1;18,8;0,1;72;;0
2909000;Cordeiros;Sudoeste Baiano;1991;21,2;3,4;;75,3;;0,1
2909109;Coribe;Bacia do Rio Corrente;1991;35,9;7,3;0,1;55,8;0,1;0,8
2909208;Coronel João Sá;Semiárido Nordeste II;1991;16,6;4,4;;78,5;;0,5
2909307;Correntina;Bacia do Rio Corrente;1991;24,2;4,2;0;71,5;;0
2909406;Cotegipe;Bacia do Rio Grande;1991;19,7;8,4;0;71,8;;
2909505;Cravolândia;Vale do Jiquiriçá;1991;16;6;;76,8;0;1,2
2909604;Crisópolis;Litoral Norte e Agreste Baiano;1991;15,6;1,7;;82,4;0;0,3
2909703;Cristópolis;Bacia do Rio Grande;1991;16,2;2,2;;81,5;0,1;
2909802;Cruz das Almas;Recôncavo;1991;12,4;23,3;0,1;63,8;0,1;0,3
2909901;Curaçá;Sertão do São Francisco;1991;12;5,8;;81,5;0;0,7
2910008;Dário Meira;Médio Rio de Contas;1991;17,2;13,7;;68,7;;0,3
2910057;Dias D'Ávila;Metropolitano de Salvador;1991;15,3;13,1;0,2;71,1;0,1;0,2
2910107;Dom Basílio;Sertão Produtivo;1991;30,5;1,8;0;67,6;0,1;
2910206;Dom Macedo Costa;Recôncavo;1991;15,4;20,2;;64,4;;
2910305;Elísio Medrado;Vale do Jiquiriçá;1991;28,7;10,1;;60,9;;0,3
2910404;Encruzilhada;Sudoeste Baiano;1991;22;3,9;0,1;73,2;;0,8
2910503;Entre Rios;Litoral Norte e Agreste Baiano;1991;8,6;30,1;0,2;60,5;;0,6
2900504;Érico Cardoso;Bacia do Paramirim;1991;37,2;26,2;0,1;36,1;;0,3
2910602;Esplanada;Litoral Norte e Agreste Baiano;1991;14,8;16,3;0;68,3;0,1;0,5
2910701;Euclides da Cunha;Semiárido Nordeste II;1991;19;2,2;0;78,4;0,3;0,1
2910727;Eunápolis;Costa do Descobrimento;1991;22,4;4,4;0;72,2;0,5;0,5
2910750;Fátima;Semiárido Nordeste II;1991;41,9;1,8;0;56;;0,3
2910776;Feira da Mata;Velho Chico;1991;51,9;3;;45,1;;
2910800;Feira de Santana;Portal do Sertão;1991;17,7;14,1;0,1;67,7;0,1;0,3
2910859;Filadélfia;Piemonte Norte do Itapicuru;1991;6,4;1,7;0;91,5;;0,3
2910909;Firmino Alves;Médio Sudoeste da Bahia;1991;29;6,3;0,1;63,4;0;1,1
2911006;Floresta Azul;Litoral Sul;1991;18,4;6,1;0,2;75,2;;0,2
2911105;Formosa do Rio Preto;Bacia do Rio Grande;1991;21,1;5,4;0,1;72,8;;0,5
2911204;Gandu;Baixo Sul;1991;20,2;11,2;0;68,5;0,1;0,1
2911253;Gavião;Bacia do Jacuípe;1991;24;10,1;;59,9;0,9;5
2911303;Gentio do Ouro;Irecê;1991;22,4;2,3;;73;;2,4
2911402;Glória;Itaparica;1991;35,1;1,2;;56,6;6,5;0,6
2911501;Gongogi;Médio Rio de Contas;1991;6,6;8,8;0;84,6;;
2911600;Governador Mangabeira;Recôncavo;1991;6,3;28,7;;64,9;0;0,1
2911659;Guajeru;Sudoeste Baiano;1991;25,8;3,3;0,1;70,6;0;0,1
2911709;Guanambi;Sertão Produtivo;1991;42,7;9,6;0;47,4;0;0,3
2911808;Guaratinga;Costa do Descobrimento;1991;20,9;8,2;0,1;69,5;0,1;1,1
2911857;Heliópolis;Semiárido Nordeste II;1991;33,3;3,3;0;62,3;;1,1
2911907;Iaçu;Piemonte do Paraguaçu;1991;15;11,4;;73,3;;0,3
2912004;Ibiassucê;Sertão Produtivo;1991;39,2;5,5;;54,7;;0,6
2912103;Ibicaraí;Litoral Sul;1991;12,5;6,6;0;80,4;0,3;0,2
2912202;Ibicoara;Chapada Diamantina;1991;29,1;6,3;0;64,4;;0,1
2912301;Ibicuí;Médio Sudoeste da Bahia;1991;27,7;5,3;;65;0,1;2
2912400;Ibipeba;Irecê;1991;14,7;13,8;;70,5;;1
2912509;Ibipitanga;Bacia do Paramirim;1991;46,9;3;0;49,4;;0,7
2912608;Ibiquera;Piemonte do Paraguaçu;1991;4,5;3;;91,7;;0,9
2912707;Ibirapitanga;Baixo Sul;1991;8,8;15,6;0,2;73,7;;1,7
2912806;Ibirapoã;Extremo Sul;1991;19,6;8,3;;71,5;0,5;0
2912905;Ibirataia;Médio Rio de Contas;1991;13,4;12,4;0;74,2;;0
2913002;Ibitiara;Chapada Diamantina;1991;10,8;6,2;;82,7;;0,4
2913101;Ibititá;Irecê;1991;32,9;7;0;59,7;;0,4
2913200;Ibotirama;Velho Chico;1991;13,9;9;0,1;74,9;1,7;0,4
2913309;Ichu;Sisal;1991;30,1;25,1;;44,6;;0,3
2913408;Igaporã;Velho Chico;1991;58,3;12,1;;29,4;;0,3
2913457;Igrapiúna;Baixo Sul;1991;1,4;30,4;;67,7;0;0,5
2913507;Iguaí;Médio Sudoeste da Bahia;1991;30,6;10;;59,1;;0,3
2913606;Ilhéus;Litoral Sul;1991;14,7;7,6;0,1;77,3;0,1;0,2
2913705;Inhambupe;Litoral Norte e Agreste Baiano;1991;7,5;8,6;;83,1;;0,8
2913804;Ipecaetá;Portal do Sertão;1991;19,6;7,7;0,1;72,5;;0,1
2913903;Ipiaú;Médio Rio de Contas;1991;15;10,5;;73,8;;0,7
2914000;Ipirá;Bacia do Jacuípe;1991;19,3;10,5;0;70;;0,2
2914109;Ipupiara;Irecê;1991;55,8;2,9;;41,3;;0,1
2914208;Irajuba;Vale do Jiquiriçá;1991;19,9;5,7;;73,5;0,1;0,9
2914307;Iramaia;Chapada Diamantina;1991;8,5;10,4;;79;0,3;1,7
2914406;Iraquara;Chapada Diamantina;1991;24,2;10;;65,8;;
2914505;Irará;Portal do Sertão;1991;6;16,4;0;77,5;0,1;0,1
2914604;Irecê;Irecê;1991;26,6;4,2;;68,8;0,1;0,4
2914653;Itabela;Costa do Descobrimento;1991;18,3;3,6;;77,8;0,2;0,1
2914703;Itaberaba;Piemonte do Paraguaçu;1991;15,8;6,1;0,3;77,4;;0,5
2914802;Itabuna;Litoral Sul;1991;17,2;8,9;0,1;73,2;0;0,5
2914901;Itacaré;Litoral Sul;1991;5,5;15,9;0;77,4;0,1;1,2
2915007;Itaeté;Chapada Diamantina;1991;8;12,8;0,1;78,8;;0,3
2915106;Itagi;Médio Rio de Contas;1991;16,5;7,8;0,1;74,7;0,1;0,8
2915205;Itagibá;Médio Rio de Contas;1991;16,4;9,4;0,1;74;;0,1
2915304;Itagimirim;Costa do Descobrimento;1991;16,1;4,2;;79,3;;0,4
2915353;Itaguaçu da Bahia;Irecê;1991;21,7;14,5;0,1;63,3;0,2;0,2
2915403;Itaju do Colônia;Litoral Sul;1991;20,7;9,6;0,1;69,1;0,2;0,3
2915502;Itajuípe;Litoral Sul;1991;13,3;7,4;0;78;;1,2
2915601;Itamaraju;Extremo Sul;1991;14,8;5,3;0,1;79,3;0,2;0,3
2915700;Itamari;Médio Rio de Contas;1991;15,5;10,4;;73,9;0;0,2
2915809;Itambé;Médio Sudoeste da Bahia;1991;25,2;9,6;0,2;64,2;;0,8
2915908;Itanagra;Litoral Norte e Agreste Baiano;1991;2,8;3,6;0,1;91,9;0,2;1,4
2916005;Itanhém;Extremo Sul;1991;19,8;3,7;;76,2;0;0,3
2916104;Itaparica;Metropolitano de Salvador;1991;9;12,9;0,2;75,4;0,4;2,1
2916203;Itapé;Litoral Sul;1991;10,5;9,4;;79,6;;0,5
2916302;Itapebi;Costa do Descobrimento;1991;14,4;2,2;;82,2;0,3;1
2916401;Itapetinga;Médio Sudoeste da Bahia;1991;27;6,7;;65,5;0,1;0,6
2916500;Itapicuru;Litoral Norte e Agreste Baiano;1991;6,3;7,4;;84,3;;2
2916609;Itapitanga;Litoral Sul;1991;12,4;6,3;;81,1;0;0,1
2916708;Itaquara;Vale do Jiquiriçá;1991;19,3;8,8;;71,9;;0,1
2916807;Itarantim;Médio Sudoeste da Bahia;1991;28;12,1;0,5;58,7;0,1;0,7
2916856;Itatim;Piemonte do Paraguaçu;1991;14,1;3,3;0,1;82;;0,5
2916906;Itiruçu;Vale do Jiquiriçá;1991;22,8;3,1;0,3;72,8;0,6;0,4
2917003;Itiúba;Sisal;1991;11,9;1,7;;86,3;0;0,1
2917102;Itororó;Médio Sudoeste da Bahia;1991;16,6;6,6;;76,5;;0,2
2917201;Ituaçu;Sertão Produtivo;1991;50;6;;43,9;;0,1
2917300;Ituberá;Baixo Sul;1991;11,4;26,8;0,3;60,6;;0,9
2917334;Iuiu;Sertão Produtivo;1991;18,2;12,6;0;68,7;0,1;0,3
2917359;Jaborandi;Bacia do Rio Corrente;1991;0,3;1,6;0,2;96,6;;1,3
2917409;Jacaraci;Sudoeste Baiano;1991;56,3;6,9;;36,7;;0,1
2917508;Jacobina;Piemonte da Diamantina;1991;16,9;8;0;74,9;0;0,3
2917607;Jaguaquara;Vale do Jiquiriçá;1991;25,5;9,6;0,1;63,6;0,7;0,6
2917706;Jaguarari;Piemonte Norte do Itapicuru;1991;20,3;1,2;0;77,6;0;0,9
2917805;Jaguaripe;Baixo Sul;1991;9,5;21,9;0,3;68,1;;0,2
2917904;Jandaíra;Litoral Norte e Agreste Baiano;1991;5,9;8,6;0,1;85,3;0;0
2918001;Jequié;Médio Rio de Contas;1991;20,9;9,9;0;68,8;0,1;0,3
2918100;Jeremoabo;Semiárido Nordeste II;1991;21,1;5;0;73,6;;0,3
2918209;Jiquiriçá;Vale do Jiquiriçá;1991;14,2;13,3;;72,6;;
2918308;Jitaúna;Médio Rio de Contas;1991;17,9;12,1;0,1;69,4;0;0,5
2918357;João Dourado;Irecê;1991;22,6;9,7;0;67,5;;0,1
2918407;Juazeiro;Sertão do São Francisco;1991;22,2;5,6;0,1;71,8;0,1;0,2
2918456;Jucuruçu;Extremo Sul;1991;11,4;4,9;0;83,2;0,1;0,4
2918506;Jussara;Irecê;1991;19,4;11,1;;68,8;;0,6
2918555;Jussari;Litoral Sul;1991;6,3;6,2;;87,2;;0,3
2918605;Jussiape;Chapada Diamantina;1991;52,5;8,2;;39,1;;0,2
2918704;Lafayette Coutinho;Vale do Jiquiriçá;1991;36,1;3,7;;59,1;;1,1
2919058;Lagedo do Tabocal;Vale do Jiquiriçá;1991;5,1;1,9;;92,8;;0,2
2918753;Lagoa Real;Sertão Produtivo;1991;72,7;13;;13,8;;0,5
2918803;Laje;Vale do Jiquiriçá;1991;23,7;15,7;;60,7;;
2918902;Lajedão;Extremo Sul;1991;24;5,2;0,1;70,7;;
2919009;Lajedinho;Piemonte do Paraguaçu;1991;2,4;8,1;;88,6;0,1;0,8
2919108;Lamarão;Sisal;1991;11,1;18,8;;70;;0,1
2919157;Lapão;Irecê;1991;19,1;8,7;0,2;72;;0,1
2919207;Lauro de Freitas;Metropolitano de Salvador;1991;14,7;14,1;;70,8;0,1;0,4
2919306;Lençóis;Chapada Diamantina;1991;10,8;7,2;0,1;81,7;;0,3
2919405;Licínio de Almeida;Sudoeste Baiano;1991;40,1;4,7;0,1;54,9;;0,3
2919504;Livramento de N. Senhora;Sertão Produtivo;1991;46,7;10;;43,1;;0,2
2919553;Luís Eduardo Magalhães;Bacia do Rio Grande;1991;;;;;;
2919603;Macajuba;Piemonte do Paraguaçu;1991;21,4;7,8;;70,6;;0,2
2919702;Macarani;Médio Sudoeste da Bahia;1991;32,8;6,7;1,2;59,2;;0,2
2919801;Macaúbas;Bacia do Paramirim;1991;40,5;6,7;;52,5;0;0,3
2919900;Macururé;Itaparica;1991;8,2;1,7;;89,5;;0,7
2919926;Madre de Deus;Metropolitano de Salvador;1991;12,4;5,5;0,1;81,7;0,1;0,2
2919959;Maetinga;Sudoeste Baiano;1991;34,2;4;;61,4;;0,4
2920007;Maiquinique;Médio Sudoeste da Bahia;1991;40,4;6,3;;52,5;;0,8
2920106;Mairi;Bacia do Jacuípe;1991;27,3;6,7;0,1;65,4;;0,6
2920205;Malhada;Velho Chico;1991;12,2;12,2;;75,5;;0
2920304;Malhada de Pedras;Sertão Produtivo;1991;34,9;2,8;;61,5;;0,8
2920403;Manoel Vitorino;Médio Rio de Contas;1991;39,3;5,4;;55;;0,3
2920452;Mansidão;Bacia do Rio Grande;1991;3,9;3,4;;92,7;;0
2920502;Maracás;Vale do Jiquiriçá;1991;20,2;5,6;;73,9;0,1;0,2
2920601;Maragogipe;Recôncavo;1991;12,4;12;0;74,5;;1
2920700;Maraú;Litoral Sul;1991;9;9;;81,6;0;0,4
2920809;Marcionílio Souza;Chapada Diamantina;1991;17,4;14,5;0;67,1;;1
2920908;Mascote;Litoral Sul;1991;5,6;4,9;0;88,5;0,1;1
2921005;Mata de São João;Metropolitano de Salvador;1991;6,8;13,1;0,3;79,3;0,2;0,3
2921054;Matina;Velho Chico;1991;32,4;17,7;0;49,9;;
2921104;Medeiros Neto;Extremo Sul;1991;25,7;3,6;;70,3;;0,4
2921203;Miguel Calmon;Piemonte da Diamantina;1991;17,5;12,4;0,1;69,6;;0,4
2921302;Milagres;Vale do Jiquiriçá;1991;28,1;9,9;;61,8;;0,2
2921401;Mirangaba;Piemonte da Diamantina;1991;13,4;13;0,3;72,8;0,1;0,4
2921450;Mirante;Sudoeste Baiano;1991;31,1;0,7;0,1;67,8;;0,3
2921500;Monte Santo;Sisal;1991;28;3,7;0,5;66,5;0,1;1,1
2921609;Morpará;Velho Chico;1991;23;25,8;;51,2;;
2921708;Morro do Chapéu;Chapada Diamantina;1991;20,4;11,7;;67,7;;0,2
2921807;Mortugaba;Sudoeste Baiano;1991;21;4,8;;74,2;0;
2921906;Mucugê;Chapada Diamantina;1991;11,3;8,5;;80,1;0,1;
2922003;Mucuri;Extremo Sul;1991;13,5;6,6;;79,3;0,6;
2922052;Mulungu do Morro;Irecê;1991;12,2;3,2;0;83,7;0;0,8
2922102;Mundo Novo;Piemonte do Paraguaçu;1991;17,4;10,7;0,1;71,3;0,1;0,4
2922201;Muniz Ferreira;Recôncavo;1991;14,4;19,3;;65,9;0,4;
2922250;Muquém do São Francisco;Velho Chico;1991;15;9;;74,3;1,5;0,2
2922300;Muritiba;Recôncavo;1991;14,5;12,5;0;72,9;;0,1
2922409;Mutuípe;Vale do Jiquiriçá;1991;19;14,1;0,5;66,3;;0,1
2922508;Nazaré;Recôncavo;1991;10,7;17,9;;71,2;;0,1
2922607;Nilo Peçanha;Baixo Sul;1991;4,9;12,2;;82,4;;0,4
2922656;Nordestina;Sisal;1991;17,5;1,6;;80,8;;0,2
2922706;Nova Canaã;Médio Sudoeste da Bahia;1991;29,5;6,4;;63,4;0,1;0,6
2922730;Nova Fátima;Bacia do Jacuípe;1991;17,8;2;0,2;77,4;;2,7
2922755;Nova Ibiá;Médio Rio de Contas;1991;15,6;9,8;0,1;74;0;0,5
2922805;Nova Itarana;Vale do Jiquiriçá;1991;9,6;4;;86,2;;0,2
2922854;Nova Redenção;Chapada Diamantina;1991;9,6;11,4;;78;;0,9
2922904;Nova Soure;Semiárido Nordeste II;1991;17,9;8,4;;73,4;;0,4
2923001;Nova Viçosa;Extremo Sul;1991;19,7;13,2;;66,8;0;0,3
2923035;Novo Horizonte;Chapada Diamantina;1991;23,6;4,9;;71,4;;0,1
2923050;Novo Triunfo;Semiárido Nordeste II;1991;30,6;8,5;;60,8;;0,2
2923100;Olindina;Litoral Norte e Agreste Baiano;1991;16,6;3,3;;80,1;;
2923209;Oliveira dos Brejinhos;Velho Chico;1991;16,8;8,6;;74,6;0,1;
2923308;Ouriçangas;Litoral Norte e Agreste Baiano;1991;2;56,4;;41;;0,5
2923357;Ourolândia;Piemonte da Diamantina;1991;9,3;6,3;0,3;83;;1,1
2923407;Palmas de Monte Alto;Sertão Produtivo;1991;28,4;15,1;0;56,4;;
2923506;Palmeiras;Chapada Diamantina;1991;16;9,8;;74,2;;
2923605;Paramirim;Bacia do Paramirim;1991;49;15,5;;35,1;0;0,4
2923704;Paratinga;Velho Chico;1991;6,9;8;0;84,3;;0,7
2923803;Paripiranga;Semiárido Nordeste II;1991;49,7;2;;47,9;;0,4
2923902;Pau Brasil;Litoral Sul;1991;15,7;8,5;0,3;72,4;2,7;0,3
2924009;Paulo Afonso;Itaparica;1991;31,1;2,1;;66,6;0;0,1
2924058;Pé de Serra;Bacia do Jacuípe;1991;39,3;8,1;;52,6;;0,1
2924108;Pedrão;Litoral Norte e Agreste Baiano;1991;3,5;31,7;;64,6;0,1;0,1
2924207;Pedro Alexandre;Semiárido Nordeste II;1991;17,4;1,6;0;79,9;0;1
2924306;Piatã;Chapada Diamantina;1991;11,2;9,3;;79,1;;0,4
2924405;Pilão Arcado;Sertão do São Francisco;1991;8,1;4;0;87,2;0;0,7
2924504;Pindaí;Sertão Produtivo;1991;22,5;6;;69,6;;1,9
2924603;Pindobaçu;Piemonte Norte do Itapicuru;1991;8,5;3,9;0,3;86,8;0,1;0,5
2924652;Pintadas;Bacia do Jacuípe;1991;10,2;8,5;0,1;80,5;0,1;0,5
2924678;Piraí do Norte;Baixo Sul;1991;12;15,1;;72,3;0,1;0,4
2924702;Piripá;Sudoeste Baiano;1991;7,5;1,3;0,1;90,8;;0,3
2924801;Piritiba;Piemonte do Paraguaçu;1991;12,7;9,4;0;77,7;;0,2
2924900;Planaltino;Vale do Jiquiriçá;1991;18;7,3;;74,3;0;0,3
2925006;Planalto;Sudoeste Baiano;1991;49,7;9,8;;39,9;;0,6
2925105;Poções;Sudoeste Baiano;1991;32,1;7,1;0;60,3;0;0,4
2925204;Pojuca;Metropolitano de Salvador;1991;9,3;12,5;0,2;77,9;;0,1
2925253;Ponto Novo;Piemonte Norte do Itapicuru;1991;20;5,5;0;74;;0,5
2925303;Porto Seguro;Costa do Descobrimento;1991;22,3;7,1;0,2;62,9;6,7;0,7
2925402;Potiraguá;Médio Sudoeste da Bahia;1991;19,4;15,6;;64,6;;0,4
2925501;Prado;Extremo Sul;1991;12,5;12,1;0,1;74,8;0,3;0,3
2925600;Presidente Dutra;Irecê;1991;27,6;4;0,1;67,8;;0,5
2925709;Presidente Jânio Quadros;Sudoeste Baiano;1991;39,4;2,1;;57,3;;1,2
2925758;Presidente Tancredo Neves;Baixo Sul;1991;19,2;12,3;;68,4;;0,1
2925808;Queimadas;Sisal;1991;17,4;4,5;0;77,8;0;0,2
2925907;Quijingue;Sisal;1991;15,2;1,8;0,1;81,4;0,3;1,4
2925931;Quixabeira;Bacia do Jacuípe;1991;12,7;11,7;;75,2;;0,4
2925956;Rafael Jambeiro;Piemonte do Paraguaçu;1991;25;13;;61,6;;0,4
2926004;Remanso;Sertão do São Francisco;1991;13,4;5;;81,6;;0
2926103;Retirolândia;Sisal;1991;31,9;2,7;0;65,3;;
2926202;Riachão das Neves;Bacia do Rio Grande;1991;9,8;5,2;;84,9;;0,1
2926301;Riachão do Jacuípe;Bacia do Jacuípe;1991;25,2;12,6;;61,8;;0,4
2926400;Riacho de Santana;Velho Chico;1991;55,6;15,7;;28,7;;0
2926509;Ribeira do Amparo;Semiárido Nordeste II;1991;12,3;7,2;;80,5;;0,1
2926608;Ribeira do Pombal;Semiárido Nordeste II;1991;35,1;8;0;56,1;0,8;0
2926657;Ribeirão do Largo;Sudoeste Baiano;1991;26;13,3;0,1;59,8;0,2;0,6
2926707;Rio de Contas;Chapada Diamantina;1991;67,6;15,1;;16,3;;0,9
2926806;Rio do Antônio;Sertão Produtivo;1991;52,7;4,4;0;41,9;;0,9
2926905;Rio do Pires;Bacia do Paramirim;1991;64,3;5,7;0,1;29,4;;0,5
2927002;Rio Real;Litoral Norte e Agreste Baiano;1991;19,8;3,8;0,1;76,1;;0,3
2927101;Rodelas;Itaparica;1991;47,8;5,6;;35,9;10,5;0,2
2927200;Ruy Barbosa;Piemonte do Paraguaçu;1991;14,6;7,7;0,1;77,2;;0,4
2927309;Salinas da Margarida;Recôncavo;1991;2,2;28,4;;69,3;;0,1
2927408;Salvador;Metropolitano de Salvador;1991;20,4;14,6;0,1;64,2;0,2;0,4
2927507;Santa Bárbara;Portal do Sertão;1991;6,1;7,7;;86,1;;0,1
2927606;Santa Brígida;Semiárido Nordeste II;1991;16,1;7,1;0,2;76,2;;0,3
2927705;Santa Cruz Cabrália;Costa do Descobrimento;1991;24,1;5,2;0,1;62;7,5;1,2
2927804;Santa Cruz da Vitória;Médio Sudoeste da Bahia;1991;16,4;4,9;0,1;78,1;;0,5
2927903;Santa Inês;Vale do Jiquiriçá;1991;17,7;16,1;0,1;65,8;0,1;0,2
2928059;Santa Luzia;Litoral Sul;1991;4,1;8,1;0,1;86,5;;1,1
2928109;Santa Maria da Vitória;Bacia do Rio Corrente;1991;28,5;5,3;0;65,7;;0,5
2928406;Santa Rita de Cássia;Bacia do Rio Grande;1991;28,7;8,1;0;62,6;0,1;0,5
2928505;Santa Terezinha;Piemonte do Paraguaçu;1991;22,1;6,6;;71,2;;
2928000;Santaluz;Sisal;1991;12,3;5,4;;82,3;;0
2928208;Santana;Bacia do Rio Corrente;1991;29,7;6,9;;62,8;;0,6
2928307;Santanópolis;Portal do Sertão;1991;1,6;7,2;;91,3;;
2928604;Santo Amaro;Recôncavo;1991;5,1;19,8;0;75;;0,1
2928703;Santo Antônio de Jesus;Recôncavo;1991;22,6;16,9;0,1;59,8;0;0,6
2928802;Santo Estevão;Portal do Sertão;1991;15;12,1;0,2;72,6;0;0,1
2928901;São Desidério;Bacia do Rio Grande;1991;28,6;13,9;0,4;56,7;;0,4
2928950;São Domingos;Sisal;1991;19,8;1,6;0;77,9;;0,7
2929107;São Felipe;Recôncavo;1991;15,7;15,8;0;67,3;0,1;1,1
2929008;São Félix;Recôncavo;1991;6,5;18,5;0,1;71,8;0,5;2,5
2929057;São Félix do Coribe;Bacia do Rio Corrente;1991;41,8;5,9;;51,9;0,2;0,1
2929206;São Francisco do Conde;Metropolitano de Salvador;1991;5;18,7;0;76,2;0,1;0,1
2929255;São Gabriel;Irecê;1991;12,7;2;0,1;85,2;;0
2929305;São Gonçalo dos Campos;Portal do Sertão;1991;6,2;25,2;0,1;67,5;;0,9
2929354;São José da Vitória;Litoral Sul;1991;9,3;8,6;;82,1;;0
2929370;São José do Jacuípe;Bacia do Jacuípe;1991;19,8;11,1;;68,5;0,1;0,5
2929404;São Miguel das Matas;Vale do Jiquiriçá;1991;27,2;22,5;;50,1;;0,2
2929503;São Sebastião do Passé;Metropolitano de Salvador;1991;9,3;13,6;0,2;76,3;;0,6
2929602;Sapeaçu;Recôncavo;1991;10,6;14,7;0,1;74,4;;0,1
2929701;Sátiro Dias;Litoral Norte e Agreste Baiano;1991;9,4;4,4;;86,1;;
2929750;Saubara;Recôncavo;1991;3,4;9,9;0,1;86,4;0,1;
2929800;Saúde;Piemonte da Diamantina;1991;16,2;7;;75,8;0;1
2929909;Seabra;Chapada Diamantina;1991;17,8;9,8;0;71,5;0,1;0,7
2930006;Sebastião Laranjeiras;Sertão Produtivo;1991;25,5;6,6;0,1;67,5;;0,3
2930105;Senhor do Bonfim;Piemonte Norte do Itapicuru;1991;13,8;3,8;0,1;82;;0,3
2930204;Sento Sé;Sertão do São Francisco;1991;11,5;4,9;;81,7;0;1,9
2930154;Serra do Ramalho;Velho Chico;1991;12,9;4;0,1;82,8;0,1;
2930303;Serra Dourada;Bacia do Rio Corrente;1991;28,7;4,4;;66,6;;0,3
2930402;Serra Preta;Bacia do Jacuípe;1991;7,6;10,7;0,1;80,9;;0,7
2930501;Serrinha;Sisal;1991;25,2;9,4;0;64,9;0;0,4
2930600;Serrolândia;Piemonte da Diamantina;1991;24,8;6,6;0,1;68,1;0,1;0,3
2930709;Simões Filho;Metropolitano de Salvador;1991;8,8;12;0,1;78,5;0,1;0,4
2930758;Sítio do Mato;Velho Chico;1991;8,3;6,2;0,1;85,4;;0,1
2930766;Sítio do Quinto;Semiárido Nordeste II;1991;32,8;4,2;0;62,4;;0,6
2930774;Sobradinho;Sertão do São Francisco;1991;25,8;4;0,1;69,5;;0,7
2930808;Souto Soares;Chapada Diamantina;1991;18,6;4,9;0;76,3;;0,1
2930907;Tabocas do Brejo Velho;Bacia do Rio Corrente;1991;18,8;0,8;0;79,3;;1
2931004;Tanhaçu;Sertão Produtivo;1991;53,5;6,1;;40,3;0;0,1
2931053;Tanque Novo;Sertão Produtivo;1991;40,9;8,6;;49,4;;1,1
2931103;Tanquinho;Portal do Sertão;1991;12,1;17,7;0,3;69,8;;0,1
2931202;Taperoá;Baixo Sul;1991;7,8;21,4;0,4;70,3;0;0,1
2931301;Tapiramutá;Piemonte do Paraguaçu;1991;17;20,3;;62,6;;0,1
2931350;Teixeira de Freitas;Extremo Sul;1991;21,4;6,1;0,2;72,1;0;0,2
2931400;Teodoro Sampaio;Portal do Sertão;1991;3,3;10,3;0,1;85,6;0;0,6
2931509;Teofilândia;Sisal;1991;12,1;13,4;;73,8;0,2;0,5
2931608;Teolândia;Baixo Sul;1991;8,7;7,7;0;83,3;;0,2
2931707;Terra Nova;Portal do Sertão;1991;1,8;16,8;;80,9;0,1;0,4
2931806;Tremedal;Sudoeste Baiano;1991;29,4;7,9;;61,8;;0,9
2931905;Tucano;Sisal;1991;30,9;3,8;0;65;;0,3
2932002;Uauá;Sertão do São Francisco;1991;27;3,3;0,1;69,3;0;0,3
2932101;Ubaíra;Vale do Jiquiriçá;1991;24,2;12,4;0,2;62,1;;1,1
2932200;Ubaitaba;Litoral Sul;1991;7,8;14,9;0;76,9;0,1;0,3
2932309;Ubatã;Médio Rio de Contas;1991;17,7;7,8;0;73,6;;0,9
2932408;Uibaí;Irecê;1991;30,5;3,7;0,1;65,7;;
2932457;Umburanas;Piemonte da Diamantina;1991;21,2;5,9;;72,7;0,1;0,1
2932507;Una;Litoral Sul;1991;4,8;13,6;0,6;75,7;3,5;1,8
2932606;Urandi;Sertão Produtivo;1991;28,3;12,4;;59;;0,3
2932705;Uruçuca;Litoral Sul;1991;8,8;10,4;0,1;80,3;0;0,4
2932804;Utinga;Chapada Diamantina;1991;12,9;9,2;;77,9;;0,1
2932903;Valença;Baixo Sul;1991;16,2;15,4;0;68,1;0;0,2
2933000;Valente;Sisal;1991;32,4;4,5;;62,8;0,1;0,2
2933059;Várzea da Roça;Bacia do Jacuípe;1991;39,7;5,9;;54,4;;0
2933109;Várzea do Poço;Bacia do Jacuípe;1991;29,1;4,3;0,1;65,4;;1,1
2933158;Várzea Nova;Piemonte da Diamantina;1991;10,2;4,8;;85;;0,1
2933174;Varzedo;Recôncavo;1991;19,3;19,7;;60,8;;0,2
2933208;Vera Cruz;Metropolitano de Salvador;1991;7,5;13,4;0,1;78,2;0,1;0,7
2933257;Vereda;Extremo Sul;1991;24;5,1;;70,6;;0,3
2933307;Vitória da Conquista;Sudoeste Baiano;1991;29,7;4,1;0;65,9;0;0,2
2933406;Wagner;Chapada Diamantina;1991;11,4;9,4;0;78,8;;0,4
2933455;Wanderley;Bacia do Rio Grande;1991;22,8;4,1;;72,6;0;0,4
2933505;Wenceslau Guimarães;Baixo Sul;1991;8,6;12,6;0,1;77,5;;1,2
2933604;Xique-Xique;Irecê;1991;15,4;6,6;0;77,8;0;0,1
2900108;Abaíra;Chapada Diamantina;2000;63,6;6,5;;29,6;;0,4
2900207;Abaré;Itaparica;2000;18;4,3;0,1;76,6;0,2;0,8
2900306;Acajutiba;Litoral Norte e Agreste Baiano;2000;22,3;9;0,3;65,9;0,5;1,9
2900355;Adustina;Semiárido Nordeste II;2000;39,4;2,2;0;57,7;;0,7
2900405;Água Fria;Portal do Sertão;2000;9,4;12,5;0;77,4;0,2;0,5
2900603;Aiquara;Médio Rio de Contas;2000;16,2;15,8;0,4;65;0,9;1,8
2900702;Alagoinhas;Litoral Norte e Agreste Baiano;2000;19,2;15,6;0,1;63,8;0,4;0,9
2900801;Alcobaça;Extremo Sul;2000;17,3;14;0,3;66,5;0,8;1,2
2900900;Almadina;Litoral Sul;2000;17;16,5;;65;0,6;0,9
2901007;Amargosa;Vale do Jiquiriçá;2000;24,1;14,9;0;59,3;0,2;1,4
2901106;Amélia Rodrigues;Portal do Sertão;2000;9,1;22,9;0,2;66,2;0,2;1,5
2901155;América Dourada;Irecê;2000;25,3;14,7;;59,1;;1
2901205;Anagé;Sudoeste Baiano;2000;44;5,5;0,1;47,5;0;2,9
2901304;Andaraí;Chapada Diamantina;2000;13,5;14,7;0;70,2;0,1;1,4
2901353;Andorinha;Piemonte Norte do Itapicuru;2000;24,5;5,9;;67,8;0,5;1,3
2901403;Angical;Bacia do Rio Grande;2000;30,1;5;0,1;63,9;0,4;0,5
2901502;Anguera;Portal do Sertão;2000;11,8;15,6;0,5;71,4;0,3;0,5
2901601;Antas;Semiárido Nordeste II;2000;56,6;9,8;;32,7;0,2;0,6
2901700;Antônio Cardoso;Portal do Sertão;2000;10,1;22,6;;66,1;0;1,1
2901809;Antônio Gonçalves;Piemonte Norte do Itapicuru;2000;25,1;7,2;0,1;66,4;0,3;0,8
2901908;Aporá;Litoral Norte e Agreste Baiano;2000;22,9;9,7;0,2;63,7;0,4;3,1
2901957;Apuarema;Médio Rio de Contas;2000;28,2;8,1;0,1;62,5;0,9;0,3
2902054;Araçás;Litoral Norte e Agreste Baiano;2000;11,4;28;0,1;58,4;0,1;2
2902005;Aracatu;Sudoeste Baiano;2000;61,5;7;;31,1;;0,4
2902104;Araci;Sisal;2000;21,9;7,2;0,1;69,5;0,2;1,1
2902203;Aramari;Litoral Norte e Agreste Baiano;2000;6,9;27,2;0,2;62,8;0,1;2,8
2902252;Arataca;Litoral Sul;2000;14;10,7;0,1;73,4;0,2;1,6
2902302;Aratuípe;Baixo Sul;2000;9,5;13;0;75,9;0,8;0,8
2902401;Aurelino Leal;Litoral Sul;2000;17,1;13,7;0;66,7;;2,5
2902500;Baianópolis;Bacia do Rio Grande;2000;23,4;4,2;;67,3;1,5;3,6
2902609;Baixa Grande;Bacia do Jacuípe;2000;15,8;12;0,3;70,7;0;1
2902658;Banzaê;Semiárido Nordeste II;2000;27,1;5,5;;53,7;13,3;0,4
2902708;Barra;Velho Chico;2000;16,4;8,8;0,3;71,9;0,3;2,1
2902807;Barra da Estiva;Chapada Diamantina;2000;30;10,5;0,1;57,3;0,4;1,6
2902906;Barra do Choça;Sudoeste Baiano;2000;30,6;8,3;0;60,6;0;0,4
2903003;Barra do Mendes;Irecê;2000;38,6;5,6;0,1;55,3;0;0,4
2903102;Barra do Rocha;Médio Rio de Contas;2000;12,3;21,4;0,2;65,8;0,1;0,2
2903201;Barreiras;Bacia do Rio Grande;2000;36,8;8,2;0,6;53;0,7;0,8
2903235;Barro Alto;Irecê;2000;36,7;5;0,1;57,4;0,2;0,7
2903300;Barro Preto/Lomanto Junior;Litoral Sul;2000;13,8;9,3;0,1;75,2;0,1;1,5
2903276;Barrocas;Sisal;2000;;;;;;
2903409;Belmonte;Costa do Descobrimento;2000;21,7;20,4;0,2;56,5;0,5;0,8
2903508;Belo Campo;Sudoeste Baiano;2000;34;4,8;0,1;60,9;;0,3
2903607;Biritinga;Sisal;2000;8,5;8;0,2;81;0,4;2
2903706;Boa Nova;Médio Rio de Contas;2000;33,4;10,1;;54,6;1;1
2903805;Boa Vista do Tupim;Piemonte do Paraguaçu;2000;20,4;16,8;0,4;61,7;;0,7
2903904;Bom Jesus da Lapa;Velho Chico;2000;23,4;15;0,1;54,5;0,5;6,6
2903953;Bom Jesus da Serra;Sudoeste Baiano;2000;28,6;4,6;0,2;65,4;0;1,2
2904001;Boninal;Chapada Diamantina;2000;28,9;10,9;;59,9;;0,4
2904050;Bonito;Chapada Diamantina;2000;13,6;12,6;;72,9;;1
2904100;Boquira;Bacia do Paramirim;2000;38,4;8,2;0;52,5;0,1;0,8
2904209;Botuporã;Bacia do Paramirim;2000;40,1;10,6;0,1;48,4;0,1;0,7
2904308;Brejões;Vale do Jiquiriçá;2000;25,4;24,9;0,1;48,6;0,1;0,9
2904407;Brejolândia;Bacia do Rio Corrente;2000;32,1;6,8;;60,1;0,1;1
2904506;Brotas de Macaúbas;Velho Chico;2000;32,8;13,3;;53,4;0;0,5
2904605;Brumado;Sertão Produtivo;2000;48,3;6,4;0,1;44,5;0,1;0,6
2904704;Buerarema;Litoral Sul;2000;27,8;13,3;0,2;56,9;0,9;0,8
2904753;Buritirama;Bacia do Rio Grande;2000;33,7;4,9;;60,8;;0,6
2904803;Caatiba;Médio Sudoeste da Bahia;2000;31,5;8,6;;58,2;;1,7
2904852;Cabaceiras do Paraguaçu;Recôncavo;2000;14,9;18,9;;65,8;0,2;0,2
2904902;Cachoeira;Recôncavo;2000;11,3;25,6;0,4;60,1;0,7;1,8
2905008;Caculé;Sertão Produtivo;2000;43,3;6,4;0,1;49,3;0,2;0,8
2905107;Caém;Piemonte da Diamantina;2000;15,7;18,6;0,7;63,8;0,1;1,1
2905156;Caetanos;Sudoeste Baiano;2000;32,6;1,3;0,2;64,2;;1,7
2905206;Caetité;Sertão Produtivo;2000;44,8;13,1;0,1;40,9;0,2;0,9
2905305;Cafarnaum;Irecê;2000;20,8;10,5;0;67,4;0,1;1,2
2905404;Cairu;Baixo Sul;2000;13,2;28,5;0;57,2;0;1,1
2905503;Caldeirão Grande;Piemonte Norte do Itapicuru;2000;17;18,6;0,1;63,9;0;0,4
2905602;Camacan;Litoral Sul;2000;21,7;10,3;0,1;66,5;0,5;1
2905701;Camaçari;Metropolitano de Salvador;2000;18,5;14,5;0,4;64,6;1,2;0,8
2905800;Camamu;Baixo Sul;2000;13;18,8;0,2;66,9;0,4;0,8
2905909;Campo Alegre de Lourdes;Sertão do São Francisco;2000;31,4;5,6;0,4;60,5;0,1;2,1
2906006;Campo Formoso;Piemonte Norte do Itapicuru;2000;30;9,6;0,6;58,6;0,4;0,9
2906105;Canápolis;Bacia do Rio Corrente;2000;54,9;22,7;0,1;20,8;0,9;0,6
2906204;Canarana;Irecê;2000;27,4;6,3;0,1;65,6;0,1;0,6
2906303;Canavieiras;Litoral Sul;2000;19,6;9,5;0,1;68,6;1,3;0,8
2906402;Candeal;Sisal;2000;15,8;14,9;0,1;69,1;;0,1
2906501;Candeias;Metropolitano de Salvador;2000;11,6;26,3;0,2;60,7;0,3;0,8
2906600;Candiba;Sertão Produtivo;2000;55,1;11,4;;33,1;0,2;0,2
2906709;Cândido Sales;Sudoeste Baiano;2000;35,6;6,6;0,2;56,3;0;1,3
2906808;Cansanção;Sisal;2000;20,8;3,7;0,3;72,6;0;2,6
2906824;Canudos;Sertão do São Francisco;2000;19,1;5,4;;74,2;0,3;1
2906857;Capela do Alto Alegre;Bacia do Jacuípe;2000;35,5;3,8;0;59,5;0,2;0,9
2906873;Capim Grosso;Bacia do Jacuípe;2000;34,5;4,6;;60,5;0,1;0,3
2906899;Caraíbas;Sudoeste Baiano;2000;35,3;4,8;0,3;57,6;0,2;1,9
2906907;Caravelas;Extremo Sul;2000;18,3;17,3;0,2;62,2;0,5;1,6
2907004;Cardeal da Silva;Litoral Norte e Agreste Baiano;2000;13,6;26;0,2;59,6;0,3;0,3
2907103;Carinhanha;Velho Chico;2000;30,2;12,9;0;55,7;0,1;1
2907202;Casa Nova;Sertão do São Francisco;2000;40,1;11;0,2;47,5;0,2;1
2907301;Castro Alves;Recôncavo;2000;17,8;17,6;0,1;62,7;0,1;1,7
2907400;Catolândia;Bacia do Rio Grande;2000;29,8;5,1;;64,5;;0,5
2907509;Catu;Litoral Norte e Agreste Baiano;2000;13,7;13,2;0,1;71,6;0,2;1,2
2907558;Caturama;Bacia do Paramirim;2000;42,2;6,8;;49,7;;1,2
2907608;Central;Irecê;2000;26,5;5,2;0,1;67,5;0,2;0,4
2907707;Chorrochó;Itaparica;2000;9,9;12,5;0,1;76,6;0,5;0,5
2907806;Cícero Dantas;Semiárido Nordeste II;2000;41,9;7;0;50,6;0,3;0,2
2907905;Cipó;Semiárido Nordeste II;2000;32;4,9;0;62,5;0,2;0,3
2908002;Coaraci;Litoral Sul;2000;19,8;12;;67;0,1;1,1
2908101;Côcos;Bacia do Rio Corrente;2000;45,1;4,5;;49,8;0,1;0,5
2908200;Conceição da Feira;Portal do Sertão;2000;11;31,5;0,3;54,8;0,6;1,8
2908309;Conceição do Almeida;Recôncavo;2000;14,2;21,7;0,5;62,6;0,2;0,8
2908408;Conceição do Coité;Sisal;2000;31,3;9,8;0,2;58;0,3;0,3
2908507;Conceição do Jacuípe;Portal do Sertão;2000;14,3;16;0;68,9;0,1;0,6
2908606;Conde;Litoral Norte e Agreste Baiano;2000;21,8;12,8;0,2;62,4;0,1;2,8
2908705;Condeúba;Sudoeste Baiano;2000;35,2;4,8;;59,8;0;0,2
2908804;Contendas do Sincorá;Sertão Produtivo;2000;38,5;7,3;;52,8;;1,5
2908903;Coração de Maria;Portal do Sertão;2000;14,7;14,4;0,1;68,6;0;2,2
2909000;Cordeiros;Sudoeste Baiano;2000;38,5;3,4;;57,8;;0,2
2909109;Coribe;Bacia do Rio Corrente;2000;37,5;5,4;;56,1;;0,9
2909208;Coronel João Sá;Semiárido Nordeste II;2000;42,7;4,4;0,1;50,8;;1,9
2909307;Correntina;Bacia do Rio Corrente;2000;32,6;8,2;;56,7;0,5;1,9
2909406;Cotegipe;Bacia do Rio Grande;2000;25,2;6,3;0;66,3;0,1;2
2909505;Cravolândia;Vale do Jiquiriçá;2000;23,9;7,2;;68,4;0,3;0,2
2909604;Crisópolis;Litoral Norte e Agreste Baiano;2000;31,2;7,2;0,1;60,3;0,3;0,8
2909703;Cristópolis;Bacia do Rio Grande;2000;34,9;4,5;;56,4;0,4;3,8
2909802;Cruz das Almas;Recôncavo;2000;17,8;19,9;0,1;61,1;0,2;0,9
2909901;Curaçá;Sertão do São Francisco;2000;26,1;10,9;0,1;61,3;0,7;0,9
2910008;Dário Meira;Médio Rio de Contas;2000;20,4;12,3;0,1;66,2;0,5;0,5
2910057;Dias D'Ávila;Metropolitano de Salvador;2000;19,5;15;0,2;64,1;0,5;0,7
2910107;Dom Basílio;Sertão Produtivo;2000;68,9;4,7;0,1;26;;0,4
2910206;Dom Macedo Costa;Recôncavo;2000;22,1;15,8;;61,6;0,4;0,2
2910305;Elísio Medrado;Vale do Jiquiriçá;2000;29,5;9,4;;60,5;0;0,5
2910404;Encruzilhada;Sudoeste Baiano;2000;12,7;6,9;0,2;79,7;;0,4
2910503;Entre Rios;Litoral Norte e Agreste Baiano;2000;18,8;19,1;0,2;60,8;0,7;0,3
2900504;Érico Cardoso;Bacia do Paramirim;2000;28,6;18,9;0;51,2;0,2;1
2910602;Esplanada;Litoral Norte e Agreste Baiano;2000;20,6;13,1;0,1;64,7;0,9;0,7
2910701;Euclides da Cunha;Semiárido Nordeste II;2000;24;3,8;0;70,1;0,6;1,5
2910727;Eunápolis;Costa do Descobrimento;2000;27,4;6,2;0,1;64,6;1;0,6
2910750;Fátima;Semiárido Nordeste II;2000;38,7;1;0;59,9;;0,4
2910776;Feira da Mata;Velho Chico;2000;29,8;4;0,2;64,4;0,3;1,3
2910800;Feira de Santana;Portal do Sertão;2000;23,4;15,6;0,1;60;0,4;0,4
2910859;Filadélfia;Piemonte Norte do Itapicuru;2000;14,3;4,7;0,1;79,3;0,1;1,4
2910909;Firmino Alves;Médio Sudoeste da Bahia;2000;24;6,1;0,3;69,2;0,2;0,1
2911006;Floresta Azul;Litoral Sul;2000;23,9;7,5;;68;0,2;0,5
2911105;Formosa do Rio Preto;Bacia do Rio Grande;2000;18,5;10,2;0,4;69,8;0;1
2911204;Gandu;Baixo Sul;2000;22,7;9,2;0,3;66;0,6;1,2
2911253;Gavião;Bacia do Jacuípe;2000;32;6,6;;60,9;;0,5
2911303;Gentio do Ouro;Irecê;2000;37;7;;55,1;0,4;0,5
2911402;Glória;Itaparica;2000;31,4;5,3;;58,7;3,6;1
2911501;Gongogi;Médio Rio de Contas;2000;13,3;16,4;;69,7;0,2;0,5
2911600;Governador Mangabeira;Recôncavo;2000;14,3;24,4;0,2;60,6;0,3;0,2
2911659;Guajeru;Sudoeste Baiano;2000;37,2;5,6;;56,8;;0,4
2911709;Guanambi;Sertão Produtivo;2000;40,2;8,9;0;50,1;0,2;0,6
2911808;Guaratinga;Costa do Descobrimento;2000;18,9;6,8;0,2;70,8;0,3;3
2911857;Heliópolis;Semiárido Nordeste II;2000;23,3;4,1;0,3;72,2;;0,2
2911907;Iaçu;Piemonte do Paraguaçu;2000;22,5;11;1;63,3;0,1;2,1
2912004;Ibiassucê;Sertão Produtivo;2000;50,2;5,1;0;44;0,1;0,5
2912103;Ibicaraí;Litoral Sul;2000;21,5;8,9;0,3;68,1;0,6;0,6
2912202;Ibicoara;Chapada Diamantina;2000;43;11,6;0,1;44,7;;0,6
2912301;Ibicuí;Médio Sudoeste da Bahia;2000;25;9,1;0,2;65,2;0,2;0,3
2912400;Ibipeba;Irecê;2000;28;8,1;0,2;61,5;;2,3
2912509;Ibipitanga;Bacia do Paramirim;2000;59,9;3,4;0;33;0,2;3,5
2912608;Ibiquera;Piemonte do Paraguaçu;2000;19,8;10,9;0,1;67,7;;1,4
2912707;Ibirapitanga;Baixo Sul;2000;17,4;17,2;0,1;62,1;0,3;3
2912806;Ibirapoã;Extremo Sul;2000;28,4;10,2;0,3;59,7;0,4;1
2912905;Ibirataia;Médio Rio de Contas;2000;15,8;7,1;;75,8;0,1;1,2
2913002;Ibitiara;Chapada Diamantina;2000;20,1;16,7;3,8;58,7;0;0,7
2913101;Ibititá;Irecê;2000;29,8;8,8;;61;;0,3
2913200;Ibotirama;Velho Chico;2000;21,5;9,3;0,4;65,1;2;1,7
2913309;Ichu;Sisal;2000;37,4;14,8;0,1;46,9;0,5;0,2
2913408;Igaporã;Velho Chico;2000;51,4;20;;28,4;;0,1
2913457;Igrapiúna;Baixo Sul;2000;14,7;31,9;0,3;49,7;0,1;3,3
2913507;Iguaí;Médio Sudoeste da Bahia;2000;31,2;10,4;;58,1;0;0,3
2913606;Ilhéus;Litoral Sul;2000;18,4;12,9;0,1;67;0,7;0,9
2913705;Inhambupe;Litoral Norte e Agreste Baiano;2000;15,3;14,3;0,5;68,5;0,5;0,8
2913804;Ipecaetá;Portal do Sertão;2000;22;15,4;;60,4;0;2,2
2913903;Ipiaú;Médio Rio de Contas;2000;22,6;11,6;0;64,6;0,6;0,7
2914000;Ipirá;Bacia do Jacuípe;2000;25,6;13,8;0;59,9;0,2;0,4
2914109;Ipupiara;Irecê;2000;55,1;2,9;;41,4;0,2;0,4
2914208;Irajuba;Vale do Jiquiriçá;2000;25,4;11,2;0,3;61,6;0,5;1
2914307;Iramaia;Chapada Diamantina;2000;16,3;8,1;0,1;72,2;2,1;1,2
2914406;Iraquara;Chapada Diamantina;2000;21,9;5,9;0,1;71,3;0,1;0,8
2914505;Irará;Portal do Sertão;2000;9,7;21,2;0,1;68,3;0;0,7
2914604;Irecê;Irecê;2000;34,9;6;0,1;57,9;0,3;0,9
2914653;Itabela;Costa do Descobrimento;2000;25,9;10,5;0,2;62,4;0,7;0,3
2914703;Itaberaba;Piemonte do Paraguaçu;2000;23,2;11,7;0,1;64,3;0,4;0,4
2914802;Itabuna;Litoral Sul;2000;24,9;11,1;0,2;61,8;0,7;1,4
2914901;Itacaré;Litoral Sul;2000;13,5;15,2;0,2;69,4;1,1;0,5
2915007;Itaeté;Chapada Diamantina;2000;13,2;20;0,7;56,9;4,6;4,6
2915106;Itagi;Médio Rio de Contas;2000;26,3;11,2;0,1;61,7;0,1;0,5
2915205;Itagibá;Médio Rio de Contas;2000;20,8;12,2;0,3;65,9;0,2;0,7
2915304;Itagimirim;Costa do Descobrimento;2000;20,6;10,3;0,1;66,3;0,4;2,3
2915353;Itaguaçu da Bahia;Irecê;2000;24,5;5,2;;69,4;0,5;0,3
2915403;Itaju do Colônia;Litoral Sul;2000;24,5;8,8;;64,4;1,6;0,6
2915502;Itajuípe;Litoral Sul;2000;17,3;10,5;0,2;71;0,5;0,5
2915601;Itamaraju;Extremo Sul;2000;16,6;6;0,2;70,5;0,9;5,9
2915700;Itamari;Médio Rio de Contas;2000;17,2;8,7;;72,9;0,2;1
2915809;Itambé;Médio Sudoeste da Bahia;2000;29,7;10,6;;59;0,2;0,5
2915908;Itanagra;Litoral Norte e Agreste Baiano;2000;10,2;12,4;;76,4;0,1;1
2916005;Itanhém;Extremo Sul;2000;31,9;5,2;0,2;61,6;0,4;0,7
2916104;Itaparica;Metropolitano de Salvador;2000;10,1;15,7;0,6;71,9;0,8;0,8
2916203;Itapé;Litoral Sul;2000;16,6;8,6;0,3;73,7;0,4;0,5
2916302;Itapebi;Costa do Descobrimento;2000;21,4;6;;70,9;0,4;1,3
2916401;Itapetinga;Médio Sudoeste da Bahia;2000;29,6;8;0;61,5;0,5;0,4
2916500;Itapicuru;Litoral Norte e Agreste Baiano;2000;9,6;2,8;0,3;85,3;0;2,1
2916609;Itapitanga;Litoral Sul;2000;12,7;9,5;0,1;76,3;0,1;1,3
2916708;Itaquara;Vale do Jiquiriçá;2000;18,2;12,1;;68,5;0,3;0,9
2916807;Itarantim;Médio Sudoeste da Bahia;2000;30,4;9,4;0,2;57,9;0,1;2
2916856;Itatim;Piemonte do Paraguaçu;2000;23,7;8,1;0,2;67;;0,9
2916906;Itiruçu;Vale do Jiquiriçá;2000;24,1;8,1;0;67,3;0;0,5
2917003;Itiúba;Sisal;2000;18,1;4,8;0;76,2;0,1;0,7
2917102;Itororó;Médio Sudoeste da Bahia;2000;25,1;8;;66,1;0,2;0,6
2917201;Ituaçu;Sertão Produtivo;2000;55,8;4;0,4;38,6;0,1;1,2
2917300;Ituberá;Baixo Sul;2000;20,2;15;0,1;63,6;0,3;0,7
2917334;Iuiu;Sertão Produtivo;2000;26,1;9,7;;63,8;;0,4
2917359;Jaborandi;Bacia do Rio Corrente;2000;31,9;4,3;;61,2;0;2,6
2917409;Jacaraci;Sudoeste Baiano;2000;50,6;11,2;;37,4;0,2;0,5
2917508;Jacobina;Piemonte da Diamantina;2000;28,3;12,4;0,1;57,7;0,5;0,9
2917607;Jaguaquara;Vale do Jiquiriçá;2000;27,8;8,4;0,2;62,2;0,7;0,7
2917706;Jaguarari;Piemonte Norte do Itapicuru;2000;27,3;6,3;0,1;65,2;0,5;0,7
2917805;Jaguaripe;Baixo Sul;2000;8,4;25,2;1,2;63,8;0,5;0,9
2917904;Jandaíra;Litoral Norte e Agreste Baiano;2000;12,2;9,3;0,6;76,5;0,7;0,7
2918001;Jequié;Médio Rio de Contas;2000;28,9;8,4;0,1;61,7;0,5;0,5
2918100;Jeremoabo;Semiárido Nordeste II;2000;24,4;8,4;0;66,2;0,1;0,8
2918209;Jiquiriçá;Vale do Jiquiriçá;2000;27;17,1;;55,7;;0,3
2918308;Jitaúna;Médio Rio de Contas;2000;18,1;14,3;0,1;65,9;0;1,5
2918357;João Dourado;Irecê;2000;29,9;18,7;3,4;46,9;0,4;0,6
2918407;Juazeiro;Sertão do São Francisco;2000;27;9,4;0,2;62,6;0,3;0,6
2918456;Jucuruçu;Extremo Sul;2000;21;6,3;;70,6;0,4;1,7
2918506;Jussara;Irecê;2000;26,2;4,3;0;68,8;0;0,7
2918555;Jussari;Litoral Sul;2000;16;15,8;0;66,1;0,4;1,7
2918605;Jussiape;Chapada Diamantina;2000;54,3;8,9;0;36,3;0;0,4
2918704;Lafayette Coutinho;Vale do Jiquiriçá;2000;22,2;11,8;;65,9;;0,1
2919058;Lagedo do Tabocal;Vale do Jiquiriçá;2000;34,1;8,9;;54,9;0,1;2
2918753;Lagoa Real;Sertão Produtivo;2000;68,4;7,4;;23,9;0;0,4
2918803;Laje;Vale do Jiquiriçá;2000;23,3;13,2;;63,2;0,1;0,2
2918902;Lajedão;Extremo Sul;2000;28,2;5,1;;66,6;0,2;
2919009;Lajedinho;Piemonte do Paraguaçu;2000;8,5;2,4;0,4;82,5;;6,2
2919108;Lamarão;Sisal;2000;7,8;15;0,6;76,2;0,1;0,3
2919157;Lapão;Irecê;2000;29,7;11,9;;57,5;0,3;0,6
2919207;Lauro de Freitas;Metropolitano de Salvador;2000;21,9;19,5;0,2;56,5;0,8;1,1
2919306;Lençóis;Chapada Diamantina;2000;16,5;17,3;0,4;64,4;0,4;1
2919405;Licínio de Almeida;Sudoeste Baiano;2000;45,5;4,6;;49;0,2;0,7
2919504;Livramento de N. Senhora;Sertão Produtivo;2000;48,9;9,4;;41,2;0;0,6
2919553;Luís Eduardo Magalhães;Bacia do Rio Grande;2000;;;;;;
2919603;Macajuba;Piemonte do Paraguaçu;2000;15,9;8,7;0,2;72,6;0;2,6
2919702;Macarani;Médio Sudoeste da Bahia;2000;25,3;6,6;0,1;67,6;0,1;0,4
2919801;Macaúbas;Bacia do Paramirim;2000;34;6,1;0;58,6;0,2;1,1
2919900;Macururé;Itaparica;2000;28,5;2,6;;67,9;;1
2919926;Madre de Deus;Metropolitano de Salvador;2000;9;6,5;0,2;82,5;0,1;1,7
2919959;Maetinga;Sudoeste Baiano;2000;28,4;4,6;;66;;1,1
2920007;Maiquinique;Médio Sudoeste da Bahia;2000;27,8;9,4;0,1;62,2;;0,6
2920106;Mairi;Bacia do Jacuípe;2000;30,8;13,4;0,1;55,4;0,2;0,2
2920205;Malhada;Velho Chico;2000;15,8;21,9;;61,2;0,1;1
2920304;Malhada de Pedras;Sertão Produtivo;2000;35,2;3,6;0;61,1;;0,2
2920403;Manoel Vitorino;Médio Rio de Contas;2000;46,1;5,1;0,3;47,4;0,2;0,9
2920452;Mansidão;Bacia do Rio Grande;2000;7,2;3,3;0,1;87;0,1;2,4
2920502;Maracás;Vale do Jiquiriçá;2000;21,2;7,4;0;70,1;0,1;1,1
2920601;Maragogipe;Recôncavo;2000;23,4;13;0,1;62;0,3;1,3
2920700;Maraú;Litoral Sul;2000;22,7;24;0,2;51,5;0;1,6
2920809;Marcionílio Souza;Chapada Diamantina;2000;25,7;19,7;;53,8;0,7;0,2
2920908;Mascote;Litoral Sul;2000;17,1;22,4;0,1;59,5;0,2;0,8
2921005;Mata de São João;Metropolitano de Salvador;2000;11,1;16,7;0,3;69,7;0,3;2
2921054;Matina;Velho Chico;2000;35,8;24,9;0;37,9;;1,4
2921104;Medeiros Neto;Extremo Sul;2000;34,4;5,5;;59,2;0,2;0,7
2921203;Miguel Calmon;Piemonte da Diamantina;2000;27,8;14,2;0,1;56,7;0,2;0,9
2921302;Milagres;Vale do Jiquiriçá;2000;28,4;9,9;0;60,9;0,4;0,5
2921401;Mirangaba;Piemonte da Diamantina;2000;25,1;11,9;;62,1;0,1;0,8
2921450;Mirante;Sudoeste Baiano;2000;28,1;10,9;0,2;59,4;0,1;1,4
2921500;Monte Santo;Sisal;2000;31,1;3,3;0,2;63,6;;1,8
2921609;Morpará;Velho Chico;2000;24,9;7,6;0,1;66,4;0,2;0,8
2921708;Morro do Chapéu;Chapada Diamantina;2000;24,3;10,5;0,3;64;0,2;0,7
2921807;Mortugaba;Sudoeste Baiano;2000;32,3;3,3;;64,3;;0,1
2921906;Mucugê;Chapada Diamantina;2000;27,5;15,6;0,1;54;0,1;2,6
2922003;Mucuri;Extremo Sul;2000;23,6;10,3;0;65,4;0,2;0,5
2922052;Mulungu do Morro;Irecê;2000;28,8;3;0,3;66,7;;1,2
2922102;Mundo Novo;Piemonte do Paraguaçu;2000;25,4;8,5;0,1;65,2;0,5;0,4
2922201;Muniz Ferreira;Recôncavo;2000;17,9;9,9;;71,1;0,1;1
2922250;Muquém do São Francisco;Velho Chico;2000;18;18,2;0,1;61,1;1,3;1,3
2922300;Muritiba;Recôncavo;2000;17,4;18,4;;62,2;1,2;0,9
2922409;Mutuípe;Vale do Jiquiriçá;2000;24,6;20,4;;54,7;0,1;0,2
2922508;Nazaré;Recôncavo;2000;17,7;19;0,3;61,4;0,6;1
2922607;Nilo Peçanha;Baixo Sul;2000;15,9;15,9;0,2;67,3;0,2;0,5
2922656;Nordestina;Sisal;2000;25,6;1,9;0;71,8;0,1;0,6
2922706;Nova Canaã;Médio Sudoeste da Bahia;2000;27,7;5,4;;65,9;0,1;0,9
2922730;Nova Fátima;Bacia do Jacuípe;2000;22,1;6,9;;70,7;0,1;0,1
2922755;Nova Ibiá;Médio Rio de Contas;2000;9,2;4,6;;82,1;;4,2
2922805;Nova Itarana;Vale do Jiquiriçá;2000;14,5;11,2;;72,4;0,1;1,8
2922854;Nova Redenção;Chapada Diamantina;2000;16,1;8,4;;74,8;0,1;0,5
2922904;Nova Soure;Semiárido Nordeste II;2000;22,6;10,7;;65,5;0,6;0,6
2923001;Nova Viçosa;Extremo Sul;2000;22,1;15,3;0,3;60,9;0,2;1,1
2923035;Novo Horizonte;Chapada Diamantina;2000;36,9;7,9;0,1;54,1;0,6;0,5
2923050;Novo Triunfo;Semiárido Nordeste II;2000;52,6;12,1;0,1;34,3;;0,9
2923100;Olindina;Litoral Norte e Agreste Baiano;2000;21;9,4;;69,2;0,3;0,1
2923209;Oliveira dos Brejinhos;Velho Chico;2000;24,2;6,3;0,1;68,3;0,2;0,9
2923308;Ouriçangas;Litoral Norte e Agreste Baiano;2000;4;28,7;0,2;64,6;0,1;2,4
2923357;Ourolândia;Piemonte da Diamantina;2000;21,7;12,5;0,3;65;0,1;0,3
2923407;Palmas de Monte Alto;Sertão Produtivo;2000;29;16,1;0,2;54,3;;0,5
2923506;Palmeiras;Chapada Diamantina;2000;23,4;13,6;0,3;60,9;0,3;1,5
2923605;Paramirim;Bacia do Paramirim;2000;44,5;9,8;0;45;;0,7
2923704;Paratinga;Velho Chico;2000;18,2;9,4;0;71,9;0,1;0,4
2923803;Paripiranga;Semiárido Nordeste II;2000;42,9;1,7;0,2;54,5;0,1;0,5
2923902;Pau Brasil;Litoral Sul;2000;21,2;8,2;;59,3;10,6;0,7
2924009;Paulo Afonso;Itaparica;2000;37,7;4,7;0,2;56,7;0,4;0,3
2924058;Pé de Serra;Bacia do Jacuípe;2000;27;5,1;0;66,9;0,8;0,2
2924108;Pedrão;Litoral Norte e Agreste Baiano;2000;8,1;39,4;;52,4;;0,1
2924207;Pedro Alexandre;Semiárido Nordeste II;2000;19;8,9;0,1;69,3;;2,7
2924306;Piatã;Chapada Diamantina;2000;39,4;10,9;0,1;48,4;0,1;1
2924405;Pilão Arcado;Sertão do São Francisco;2000;22,9;8;0,2;66,9;0;2
2924504;Pindaí;Sertão Produtivo;2000;36,1;11;0,1;52;0,1;0,7
2924603;Pindobaçu;Piemonte Norte do Itapicuru;2000;24,7;11,5;0,7;62,2;0,4;0,5
2924652;Pintadas;Bacia do Jacuípe;2000;23,5;4,4;0,4;70,8;0;0,9
2924678;Piraí do Norte;Baixo Sul;2000;18,5;15,5;;62,8;0,1;3
2924702;Piripá;Sudoeste Baiano;2000;27,3;5,8;0,2;66,2;;0,4
2924801;Piritiba;Piemonte do Paraguaçu;2000;18,7;7,8;0,2;72,6;0,1;0,5
2924900;Planaltino;Vale do Jiquiriçá;2000;33,8;10,1;0;55,2;;0,9
2925006;Planalto;Sudoeste Baiano;2000;35;5,5;;59;0,1;0,3
2925105;Poções;Sudoeste Baiano;2000;33,7;6;0;59,9;0;0,3
2925204;Pojuca;Metropolitano de Salvador;2000;19,9;16,7;0,4;61,7;0,2;1
2925253;Ponto Novo;Piemonte Norte do Itapicuru;2000;21;9,1;0,2;68,2;0,1;1,3
2925303;Porto Seguro;Costa do Descobrimento;2000;23,8;10,5;0,4;61,6;2,7;1,1
2925402;Potiraguá;Médio Sudoeste da Bahia;2000;25,3;9,6;0,1;64,3;0,2;0,6
2925501;Prado;Extremo Sul;2000;19,1;10,6;0,1;66;3,6;0,7
2925600;Presidente Dutra;Irecê;2000;47,6;6,2;;45,5;;0,6
2925709;Presidente Jânio Quadros;Sudoeste Baiano;2000;50,5;7,6;0,1;41;;0,8
2925758;Presidente Tancredo Neves;Baixo Sul;2000;20,6;14;0,1;63,3;1,1;0,9
2925808;Queimadas;Sisal;2000;21,9;6;0,3;71;0,5;0,3
2925907;Quijingue;Sisal;2000;25,9;10,6;0,1;61,6;0,3;1,4
2925931;Quixabeira;Bacia do Jacuípe;2000;30;8,4;;60,4;;1,1
2925956;Rafael Jambeiro;Piemonte do Paraguaçu;2000;22,3;14;0;63,1;0,1;0,5
2926004;Remanso;Sertão do São Francisco;2000;26,9;5,9;;66,8;0,1;0,4
2926103;Retirolândia;Sisal;2000;32,7;8,5;0,1;57,4;0,1;1,2
2926202;Riachão das Neves;Bacia do Rio Grande;2000;14,7;5,1;;79,2;0;0,9
2926301;Riachão do Jacuípe;Bacia do Jacuípe;2000;35,4;7,5;0,1;56,6;0,1;0,2
2926400;Riacho de Santana;Velho Chico;2000;48,8;13,1;0;33;0,3;4,7
2926509;Ribeira do Amparo;Semiárido Nordeste II;2000;29,5;4,3;0,1;64,3;0,1;1,8
2926608;Ribeira do Pombal;Semiárido Nordeste II;2000;30,7;7,3;0;61,1;0,7;0,2
2926657;Ribeirão do Largo;Sudoeste Baiano;2000;27,7;7,2;;63,6;0,3;1,1
2926707;Rio de Contas;Chapada Diamantina;2000;58,3;16,5;0,1;24,6;0,1;0,4
2926806;Rio do Antônio;Sertão Produtivo;2000;60,4;6,2;;30,5;;2,9
2926905;Rio do Pires;Bacia do Paramirim;2000;61,6;8,3;0,1;28,6;0,3;1,1
2927002;Rio Real;Litoral Norte e Agreste Baiano;2000;25,3;6;0,1;68,1;0,2;0,3
2927101;Rodelas;Itaparica;2000;41,4;7,9;;40,1;10,4;0,1
2927200;Ruy Barbosa;Piemonte do Paraguaçu;2000;21,4;10,8;0;66,2;0,1;1,5
2927309;Salinas da Margarida;Recôncavo;2000;6,6;26,6;0,5;65,5;0,2;0,7
2927408;Salvador;Metropolitano de Salvador;2000;23;20,4;0,3;54,8;0,8;0,7
2927507;Santa Bárbara;Portal do Sertão;2000;13,3;14,6;;71,6;0,1;0,3
2927606;Santa Brígida;Semiárido Nordeste II;2000;22,3;7,8;0,1;69,5;;0,3
2927705;Santa Cruz Cabrália;Costa do Descobrimento;2000;28,4;8,4;0,1;57,1;5,1;0,8
2927804;Santa Cruz da Vitória;Médio Sudoeste da Bahia;2000;27,6;15,7;;55,8;0,4;0,6
2927903;Santa Inês;Vale do Jiquiriçá;2000;23,8;16,5;;58,8;0,7;0,2
2928059;Santa Luzia;Litoral Sul;2000;14,5;8;0,3;75,6;0,5;1
2928109;Santa Maria da Vitória;Bacia do Rio Corrente;2000;35;7,8;0;56,1;0,4;0,7
2928406;Santa Rita de Cássia;Bacia do Rio Grande;2000;27,1;7,9;0,1;63,7;0,4;0,8
2928505;Santa Terezinha;Piemonte do Paraguaçu;2000;27,9;12,8;0,1;58;0;1,1
2928000;Santaluz;Sisal;2000;22,3;10,8;0,1;66,1;0,1;0,7
2928208;Santana;Bacia do Rio Corrente;2000;38,6;6,9;;53,6;0,3;0,7
2928307;Santanópolis;Portal do Sertão;2000;10,1;15,5;0,1;72,7;0;1,6
2928604;Santo Amaro;Recôncavo;2000;7,7;27,7;0,4;63,4;0,2;0,7
2928703;Santo Antônio de Jesus;Recôncavo;2000;26,1;20,2;0;51,9;0,4;1,4
2928802;Santo Estevão;Portal do Sertão;2000;15,3;19,3;0;63,1;0,7;1,4
2928901;São Desidério;Bacia do Rio Grande;2000;30,3;5,3;0,1;60,3;0,2;3,7
2928950;São Domingos;Sisal;2000;24,4;4,5;0,1;69;0,1;2
2929107;São Felipe;Recôncavo;2000;10,6;17,3;0,1;71,6;0,1;0,2
2929008;São Félix;Recôncavo;2000;10;24,6;0,5;63,8;0,4;0,8
2929057;São Félix do Coribe;Bacia do Rio Corrente;2000;40;6,9;0;51,9;0,1;1,1
2929206;São Francisco do Conde;Metropolitano de Salvador;2000;8,8;28,2;0;62,1;0,3;0,5
2929255;São Gabriel;Irecê;2000;29;3;;67,2;0;0,7
2929305;São Gonçalo dos Campos;Portal do Sertão;2000;9;31,3;0,1;58,3;0,9;0,5
2929354;São José da Vitória;Litoral Sul;2000;16,2;13,9;;69,6;0,2;0,1
2929370;São José do Jacuípe;Bacia do Jacuípe;2000;24,3;8,8;0,2;65,6;0,8;0,3
2929404;São Miguel das Matas;Vale do Jiquiriçá;2000;27,9;20,1;;51,2;0,1;0,8
2929503;São Sebastião do Passé;Metropolitano de Salvador;2000;9,4;23,3;0,1;66,2;0,4;0,5
2929602;Sapeaçu;Recôncavo;2000;16,4;23,6;0,2;58,5;0,1;1,1
2929701;Sátiro Dias;Litoral Norte e Agreste Baiano;2000;34,2;7,2;0;57,4;0,7;0,5
2929750;Saubara;Recôncavo;2000;7,4;18,7;0,3;73,1;0,2;0,3
2929800;Saúde;Piemonte da Diamantina;2000;20,1;5,9;0,2;73,2;0,3;0,3
2929909;Seabra;Chapada Diamantina;2000;30,2;9,8;0;59;0,1;0,9
2930006;Sebastião Laranjeiras;Sertão Produtivo;2000;39,3;5,1;;55,5;0,1;0,1
2930105;Senhor do Bonfim;Piemonte Norte do Itapicuru;2000;27,8;4,3;0,1;66,7;0,4;0,6
2930204;Sento Sé;Sertão do São Francisco;2000;24,1;9,8;0,4;64,1;0,4;1,2
2930154;Serra do Ramalho;Velho Chico;2000;24,9;9,9;;61,2;0,4;3,6
2930303;Serra Dourada;Bacia do Rio Corrente;2000;24,5;7,5;0,1;66,6;0,2;1
2930402;Serra Preta;Bacia do Jacuípe;2000;10,9;13;;75,3;0,2;0,5
2930501;Serrinha;Sisal;2000;23,8;12,9;0,3;62,1;0,4;0,6
2930600;Serrolândia;Piemonte da Diamantina;2000;25,5;8,7;0,1;65;0,1;0,6
2930709;Simões Filho;Metropolitano de Salvador;2000;14,3;18;0,5;65,8;0,7;0,7
2930758;Sítio do Mato;Velho Chico;2000;19,7;9,2;0;70;0,7;0,4
2930766;Sítio do Quinto;Semiárido Nordeste II;2000;29,9;6,9;0,1;61,8;0,5;0,8
2930774;Sobradinho;Sertão do São Francisco;2000;35,3;10,2;0,4;51,5;0,6;2
2930808;Souto Soares;Chapada Diamantina;2000;25,2;7,9;0,1;66;0,1;0,7
2930907;Tabocas do Brejo Velho;Bacia do Rio Corrente;2000;38;4,4;;57,1;0;0,5
2931004;Tanhaçu;Sertão Produtivo;2000;35,4;5,9;;58,5;;0,3
2931053;Tanque Novo;Sertão Produtivo;2000;15,6;9;;74,8;0;0,6
2931103;Tanquinho;Portal do Sertão;2000;14,4;14,2;0,1;70,5;0,5;0,2
2931202;Taperoá;Baixo Sul;2000;14,7;17,1;0,2;67,9;;0,1
2931301;Tapiramutá;Piemonte do Paraguaçu;2000;17,6;14;0,1;67,6;0;0,7
2931350;Teixeira de Freitas;Extremo Sul;2000;32,5;7,5;0,1;58,5;0,5;0,8
2931400;Teodoro Sampaio;Portal do Sertão;2000;5,9;16,3;;76,6;0,7;0,5
2931509;Teofilândia;Sisal;2000;21,8;10,6;;67,2;0,1;0,3
2931608;Teolândia;Baixo Sul;2000;19;14,6;0,2;65,3;0,1;0,8
2931707;Terra Nova;Portal do Sertão;2000;6,9;20;0;72,1;0;0,9
2931806;Tremedal;Sudoeste Baiano;2000;40;7;0,4;51,8;0,1;0,7
2931905;Tucano;Sisal;2000;35;5,5;0,1;58,1;0,3;1
2932002;Uauá;Sertão do São Francisco;2000;35,1;3,4;0,1;61;0,1;0,3
2932101;Ubaíra;Vale do Jiquiriçá;2000;26,5;14,6;;58,5;0,1;0,4
2932200;Ubaitaba;Litoral Sul;2000;13,6;14,3;0,1;71,5;0,1;0,4
2932309;Ubatã;Médio Rio de Contas;2000;20,3;10,4;;63,9;;5,4
2932408;Uibaí;Irecê;2000;34,5;7,8;0,3;54,3;0,1;3,1
2932457;Umburanas;Piemonte da Diamantina;2000;19,2;8,5;0,4;70,1;;1,8
2932507;Una;Litoral Sul;2000;11,1;19;0,1;68,3;0,4;1,1
2932606;Urandi;Sertão Produtivo;2000;36,7;9,5;;53,6;;0,2
2932705;Uruçuca;Litoral Sul;2000;17,7;14,4;0,6;63,8;0,4;3
2932804;Utinga;Chapada Diamantina;2000;22,2;12,7;0,2;63,9;0,1;0,9
2932903;Valença;Baixo Sul;2000;19,1;17,2;0,1;62,5;0,2;0,9
2933000;Valente;Sisal;2000;37,1;4;0,2;57,8;0,1;0,9
2933059;Várzea da Roça;Bacia do Jacuípe;2000;41,1;8;0,1;49,2;0,2;1,4
2933109;Várzea do Poço;Bacia do Jacuípe;2000;24,9;4,3;0,1;69,7;0;1
2933158;Várzea Nova;Piemonte da Diamantina;2000;17,9;5,4;0,4;75,1;0,4;0,9
2933174;Varzedo;Recôncavo;2000;20,1;17,4;0,3;59,7;;2,5
2933208;Vera Cruz;Metropolitano de Salvador;2000;13,6;19,9;0,3;59,7;0,2;6,2
2933257;Vereda;Extremo Sul;2000;36,5;8,3;;54;0,4;0,8
2933307;Vitória da Conquista;Sudoeste Baiano;2000;36,1;6,5;0,1;56,1;0,3;0,8
2933406;Wagner;Chapada Diamantina;2000;16,1;12,1;;71,1;0,2;0,5
2933455;Wanderley;Bacia do Rio Grande;2000;30,1;2,8;;66,3;0;0,8
2933505;Wenceslau Guimarães;Baixo Sul;2000;14,6;9,5;0,6;67,9;0,2;7,3
2933604;Xique-Xique;Irecê;2000;22,4;8,1;0,1;68,3;0,1;1,1
2900108;Abaíra;Chapada Diamantina;2010;43,2;4,4;0,6;51,8;0,1;
2900207;Abaré;Itaparica;2010;11,8;9,6;1,5;73,9;3,2;
2900306;Acajutiba;Litoral Norte e Agreste Baiano;2010;20,9;13,4;1,8;63,8;0,1;
2900355;Adustina;Semiárido Nordeste II;2010;33,4;5,5;1;60,1;0;
2900405;Água Fria;Portal do Sertão;2010;8;18,6;1,6;71,4;0,3;
2900603;Aiquara;Médio Rio de Contas;2010;14,6;23;1,1;61,2;0,1;
2900702;Alagoinhas;Litoral Norte e Agreste Baiano;2010;17;23,1;1,6;58,1;0,2;0
2900801;Alcobaça;Extremo Sul;2010;15,2;22,4;0,8;61,3;0,3;
2900900;Almadina;Litoral Sul;2010;17,8;20,4;1,1;60,5;0,1;
2901007;Amargosa;Vale do Jiquiriçá;2010;19,8;20,2;0,6;59,3;0,1;
2901106;Amélia Rodrigues;Portal do Sertão;2010;8,2;26,7;0,6;64,4;0;
2901155;América Dourada;Irecê;2010;16,3;19,7;1,5;62,2;0,3;
2901205;Anagé;Sudoeste Baiano;2010;31,9;6,9;0,7;60,5;0;
2901304;Andaraí;Chapada Diamantina;2010;11,1;16,6;0,9;71,4;;
2901353;Andorinha;Piemonte Norte do Itapicuru;2010;28,1;5,8;1,5;64,3;0,3;
2901403;Angical;Bacia do Rio Grande;2010;27,8;9,4;1,3;61,4;0;
2901502;Anguera;Portal do Sertão;2010;7,9;16;0,6;75,5;;
2901601;Antas;Semiárido Nordeste II;2010;39,9;5,2;0,1;54,7;0;
2901700;Antônio Cardoso;Portal do Sertão;2010;7;55,1;0,8;37,1;;
2901809;Antônio Gonçalves;Piemonte Norte do Itapicuru;2010;21,9;9,5;1;67,6;;
2901908;Aporá;Litoral Norte e Agreste Baiano;2010;24,3;9,9;0,5;65,4;;
2901957;Apuarema;Médio Rio de Contas;2010;21;9,5;0,1;69,4;;
2902054;Araçás;Litoral Norte e Agreste Baiano;2010;11,1;24;1,6;63;0,4;
2902005;Aracatu;Sudoeste Baiano;2010;33,7;4,1;0,2;61,9;0,1;
2902104;Araci;Sisal;2010;22,2;7,7;0,7;69;0,1;0,2
2902203;Aramari;Litoral Norte e Agreste Baiano;2010;7,1;25;1,2;66,7;;
2902252;Arataca;Litoral Sul;2010;16,4;14,4;1;68,2;0;
2902302;Aratuípe;Baixo Sul;2010;11,3;23;1,4;64;0,3;
2902401;Aurelino Leal;Litoral Sul;2010;11,8;22,4;1,5;64,3;;
2902500;Baianópolis;Bacia do Rio Grande;2010;28,7;4,7;1,1;65,5;;
2902609;Baixa Grande;Bacia do Jacuípe;2010;14,8;9,9;0,6;74,7;;
2902658;Banzaê;Semiárido Nordeste II;2010;32,3;2,9;0,2;48,4;16,2;
2902708;Barra;Velho Chico;2010;16,3;13,1;1,1;69,4;0;
2902807;Barra da Estiva;Chapada Diamantina;2010;40,4;5,4;0,4;53,8;0,1;
2902906;Barra do Choça;Sudoeste Baiano;2010;27,8;9,6;1;61,1;0,5;
2903003;Barra do Mendes;Irecê;2010;28,1;5,1;0,3;66,5;0;
2903102;Barra do Rocha;Médio Rio de Contas;2010;14,6;15,8;0,4;68,5;0,7;
2903201;Barreiras;Bacia do Rio Grande;2010;26,8;9,7;1,7;61,5;0,3;
2903235;Barro Alto;Irecê;2010;33,7;5;1,3;59,8;0,2;
2903300;Barro Preto/Lomanto Junior;Litoral Sul;2010;11,5;15,8;0,4;71,9;0,4;
2903276;Barrocas;Sisal;2010;31,2;16,1;1,4;51,2;0,1;
2903409;Belmonte;Costa do Descobrimento;2010;13,6;11,5;0,8;72,6;1,6;
2903508;Belo Campo;Sudoeste Baiano;2010;27,5;6,9;0,2;65,4;;
2903607;Biritinga;Sisal;2010;12,7;17,7;1,7;67,7;0,3;
2903706;Boa Nova;Médio Rio de Contas;2010;28,8;10,1;1;60,2;;
2903805;Boa Vista do Tupim;Piemonte do Paraguaçu;2010;17;20,4;2,2;59,8;0,5;
2903904;Bom Jesus da Lapa;Velho Chico;2010;22,3;19,1;1,5;56,8;0,3;
2903953;Bom Jesus da Serra;Sudoeste Baiano;2010;33;5,8;0,3;60,7;0,2;
2904001;Boninal;Chapada Diamantina;2010;19,3;16,8;1,4;62,5;;
2904050;Bonito;Chapada Diamantina;2010;23,8;10,6;2,2;62,7;0,7;
2904100;Boquira;Bacia do Paramirim;2010;28,9;4,7;1,1;65,2;;
2904209;Botuporã;Bacia do Paramirim;2010;26,9;9,1;1,1;62,6;0,2;
2904308;Brejões;Vale do Jiquiriçá;2010;22,4;15,8;1,4;60,3;0,1;
2904407;Brejolândia;Bacia do Rio Corrente;2010;30,6;8,1;0,5;60,8;;
2904506;Brotas de Macaúbas;Velho Chico;2010;30,5;6,5;1,3;61,7;0;
2904605;Brumado;Sertão Produtivo;2010;42,4;5,2;0,5;51,8;0,1;
2904704;Buerarema;Litoral Sul;2010;15,8;17,2;1,1;65,1;0,9;
2904753;Buritirama;Bacia do Rio Grande;2010;20,5;3,3;1,7;74,2;0,3;
2904803;Caatiba;Médio Sudoeste da Bahia;2010;23,2;8,6;0,2;68,1;;
2904852;Cabaceiras do Paraguaçu;Recôncavo;2010;10,8;29,3;1,1;58,7;0;
2904902;Cachoeira;Recôncavo;2010;10,7;38,3;2;48,7;0,3;
2905008;Caculé;Sertão Produtivo;2010;38,7;5,4;0,6;55,1;0,3;
2905107;Caém;Piemonte da Diamantina;2010;14,6;15,1;2,2;68;0;
2905156;Caetanos;Sudoeste Baiano;2010;35,4;2,9;0,8;61;;
2905206;Caetité;Sertão Produtivo;2010;40,2;6,9;0,7;52,1;0,1;
2905305;Cafarnaum;Irecê;2010;16,8;8,3;1,5;73,4;;
2905404;Cairu;Baixo Sul;2010;13,7;17,8;1,8;66,5;0,2;
2905503;Caldeirão Grande;Piemonte Norte do Itapicuru;2010;18,3;8,4;0,7;72,4;0,2;
2905602;Camacan;Litoral Sul;2010;16,1;18,1;1,4;63,3;1,1;
2905701;Camaçari;Metropolitano de Salvador;2010;16,5;21,9;1,8;59,4;0,4;
2905800;Camamu;Baixo Sul;2010;13,2;31,8;1,1;53,5;0,3;
2905909;Campo Alegre de Lourdes;Sertão do São Francisco;2010;21,6;9,2;3,5;65,8;;
2906006;Campo Formoso;Piemonte Norte do Itapicuru;2010;23,9;12,2;1,8;61,8;0,2;
2906105;Canápolis;Bacia do Rio Corrente;2010;40,6;5,2;0,5;53,6;0,1;
2906204;Canarana;Irecê;2010;23,7;7,6;0,7;67,9;0,1;
2906303;Canavieiras;Litoral Sul;2010;17,3;13,4;1,4;67,4;0,5;
2906402;Candeal;Sisal;2010;11,8;22,2;1,2;64,9;;
2906501;Candeias;Metropolitano de Salvador;2010;9,5;27,8;1,3;61,4;0,1;
2906600;Candiba;Sertão Produtivo;2010;32,2;6,8;0,9;60;0,1;
2906709;Cândido Sales;Sudoeste Baiano;2010;27,3;5,6;0,7;66,4;;
2906808;Cansanção;Sisal;2010;23,7;5,5;0,4;70,1;0,2;
2906824;Canudos;Sertão do São Francisco;2010;24,9;6,8;1,7;65,6;0,9;
2906857;Capela do Alto Alegre;Bacia do Jacuípe;2010;36,4;8,6;1,1;53,9;0,1;
2906873;Capim Grosso;Bacia do Jacuípe;2010;29,5;12,2;0,6;57,6;0,1;
2906899;Caraíbas;Sudoeste Baiano;2010;39,5;3,3;0,7;56,6;;
2906907;Caravelas;Extremo Sul;2010;14,8;18,7;1,1;65,3;0;
2907004;Cardeal da Silva;Litoral Norte e Agreste Baiano;2010;10;26,9;2,9;59,6;0,6;
2907103;Carinhanha;Velho Chico;2010;20,7;11;1,4;66,9;;
2907202;Casa Nova;Sertão do São Francisco;2010;32,3;7,3;1;59,1;0,2;
2907301;Castro Alves;Recôncavo;2010;11,8;22,3;0,9;64,8;0,2;
2907400;Catolândia;Bacia do Rio Grande;2010;26,5;7,9;1,2;64,3;0,2;
2907509;Catu;Litoral Norte e Agreste Baiano;2010;12,7;18,6;1,9;66,7;;
2907558;Caturama;Bacia do Paramirim;2010;43,6;5,4;0,2;50,8;;
2907608;Central;Irecê;2010;26,2;9,3;0,2;64,2;0,2;
2907707;Chorrochó;Itaparica;2010;15,4;11,6;2,2;70,8;;
2907806;Cícero Dantas;Semiárido Nordeste II;2010;39,5;6,1;0,6;53,8;0;
2907905;Cipó;Semiárido Nordeste II;2010;25,2;10,4;0;64,3;0,1;
2908002;Coaraci;Litoral Sul;2010;18,7;14,2;0,7;66,3;0,1;
2908101;Côcos;Bacia do Rio Corrente;2010;39,4;4,4;1,1;54,9;0,2;
2908200;Conceição da Feira;Portal do Sertão;2010;7,2;41,3;0,7;50,3;0,5;
2908309;Conceição do Almeida;Recôncavo;2010;9,7;29,7;0,8;59,8;0;
2908408;Conceição do Coité;Sisal;2010;27,7;15;0,8;56,4;0,1;
2908507;Conceição do Jacuípe;Portal do Sertão;2010;8,8;29,5;1,9;59,6;0,2;
2908606;Conde;Litoral Norte e Agreste Baiano;2010;14,3;20,2;1,4;64;;
2908705;Condeúba;Sudoeste Baiano;2010;30,3;3,9;0,2;65,4;0,1;0
2908804;Contendas do Sincorá;Sertão Produtivo;2010;25,6;9,4;0,9;64,2;;
2908903;Coração de Maria;Portal do Sertão;2010;9,4;26,2;2,2;62,2;;
2909000;Cordeiros;Sudoeste Baiano;2010;33,8;2,2;0;63,9;;
2909109;Coribe;Bacia do Rio Corrente;2010;29;5,8;1,4;63,8;;
2909208;Coronel João Sá;Semiárido Nordeste II;2010;31,7;2,6;0,7;64,7;0,2;
2909307;Correntina;Bacia do Rio Corrente;2010;28,5;10,1;0,7;60,7;0,1;
2909406;Cotegipe;Bacia do Rio Grande;2010;22,3;8,2;1,3;67,7;0,4;
2909505;Cravolândia;Vale do Jiquiriçá;2010;22,9;15;0,8;61,1;0,1;
2909604;Crisópolis;Litoral Norte e Agreste Baiano;2010;25,9;4,9;0,7;68,5;;
2909703;Cristópolis;Bacia do Rio Grande;2010;33,8;7,5;1,2;57,5;;
2909802;Cruz das Almas;Recôncavo;2010;13,9;25,9;1;58,9;0,3;
2909901;Curaçá;Sertão do São Francisco;2010;18,4;7,8;1,4;70,5;2;
2910008;Dário Meira;Médio Rio de Contas;2010;17,9;16;0,7;65,2;0,2;
2910057;Dias D'Ávila;Metropolitano de Salvador;2010;17,8;22,2;2;57,8;0,2;
2910107;Dom Basílio;Sertão Produtivo;2010;54,6;1,3;0,3;43,8;;
2910206;Dom Macedo Costa;Recôncavo;2010;17,2;22,2;0,4;60;0,2;
2910305;Elísio Medrado;Vale do Jiquiriçá;2010;26,8;18,5;0,7;53,6;0,4;
2910404;Encruzilhada;Sudoeste Baiano;2010;24,8;6,6;0,4;67,6;0,7;
2910503;Entre Rios;Litoral Norte e Agreste Baiano;2010;12,7;19,9;2;65,3;0,1;
2900504;Érico Cardoso;Bacia do Paramirim;2010;32,1;14,2;1;52,7;;
2910602;Esplanada;Litoral Norte e Agreste Baiano;2010;17,9;19,5;1,8;60,3;0,5;
2910701;Euclides da Cunha;Semiárido Nordeste II;2010;21,6;5,6;0,9;69,8;2,1;
2910727;Eunápolis;Costa do Descobrimento;2010;26,7;12,2;0,8;59,3;0,9;
2910750;Fátima;Semiárido Nordeste II;2010;36,2;5;1,7;57,1;;
2910776;Feira da Mata;Velho Chico;2010;37,4;7,2;1,4;54,1;;
2910800;Feira de Santana;Portal do Sertão;2010;20;23;0,9;55,9;0,2;0
2910859;Filadélfia;Piemonte Norte do Itapicuru;2010;19,8;9,6;1,4;69;0,3;
2910909;Firmino Alves;Médio Sudoeste da Bahia;2010;25,9;10,9;0,7;61,8;0,7;
2911006;Floresta Azul;Litoral Sul;2010;21,1;11;0,9;66,7;0,2;
2911105;Formosa do Rio Preto;Bacia do Rio Grande;2010;17,7;9,5;1,2;71,4;0,3;
2911204;Gandu;Baixo Sul;2010;17,7;14,9;0,7;66,6;0,2;
2911253;Gavião;Bacia do Jacuípe;2010;28,1;11,4;0,8;59,8;;
2911303;Gentio do Ouro;Irecê;2010;41;5,2;0,1;53,7;;
2911402;Glória;Itaparica;2010;30,2;5,2;0,5;56,3;7,8;
2911501;Gongogi;Médio Rio de Contas;2010;12,4;21,1;1,9;64,4;0,2;
2911600;Governador Mangabeira;Recôncavo;2010;8,4;31,4;1;59,2;0;
2911659;Guajeru;Sudoeste Baiano;2010;26,2;3,3;0,5;70;0;
2911709;Guanambi;Sertão Produtivo;2010;38,1;9,3;0,8;51,5;0,4;
2911808;Guaratinga;Costa do Descobrimento;2010;20,2;8,6;0,7;70,5;0,1;
2911857;Heliópolis;Semiárido Nordeste II;2010;40,1;6,7;0,5;52,7;;
2911907;Iaçu;Piemonte do Paraguaçu;2010;16,7;13,3;1,3;68,8;;
2912004;Ibiassucê;Sertão Produtivo;2010;42,1;8,2;1,4;48,1;0,1;
2912103;Ibicaraí;Litoral Sul;2010;22,2;10,1;2,1;65,1;0,4;
2912202;Ibicoara;Chapada Diamantina;2010;21,7;10,4;0,6;67,2;0;
2912301;Ibicuí;Médio Sudoeste da Bahia;2010;26,7;8,6;0,4;64,3;;
2912400;Ibipeba;Irecê;2010;29;13;1,3;56,5;0,2;
2912509;Ibipitanga;Bacia do Paramirim;2010;44,9;3,5;1,5;50;0;
2912608;Ibiquera;Piemonte do Paraguaçu;2010;16,1;9,6;1,4;72,9;;
2912707;Ibirapitanga;Baixo Sul;2010;14,7;30,1;1,4;53,7;0;
2912806;Ibirapoã;Extremo Sul;2010;25,2;12,5;1;59;2,2;
2912905;Ibirataia;Médio Rio de Contas;2010;14,8;10,4;0,9;73,9;;
2913002;Ibitiara;Chapada Diamantina;2010;21;12,8;0,5;65,6;0,1;
2913101;Ibititá;Irecê;2010;29,5;14;0,7;55,8;;
2913200;Ibotirama;Velho Chico;2010;20,3;13;0,2;65,1;1,5;
2913309;Ichu;Sisal;2010;31,2;19,6;0,7;48,5;0,1;
2913408;Igaporã;Velho Chico;2010;39;11,5;0,7;48,7;0,2;
2913457;Igrapiúna;Baixo Sul;2010;13,3;34,7;1,8;49,8;0,3;
2913507;Iguaí;Médio Sudoeste da Bahia;2010;28,3;7,3;0,6;63,8;;
2913606;Ilhéus;Litoral Sul;2010;19,1;18,2;1;59,6;2,2;
2913705;Inhambupe;Litoral Norte e Agreste Baiano;2010;19,5;16,7;0,9;62,7;0;
2913804;Ipecaetá;Portal do Sertão;2010;17,8;18,3;0,6;63,3;;
2913903;Ipiaú;Médio Rio de Contas;2010;18,2;14,5;0,7;66,4;0,1;
2914000;Ipirá;Bacia do Jacuípe;2010;19,8;13,9;1,2;64,7;0,4;
2914109;Ipupiara;Irecê;2010;52,6;3,5;0,4;43,5;0;
2914208;Irajuba;Vale do Jiquiriçá;2010;26,7;9,6;0,3;63,4;0;
2914307;Iramaia;Chapada Diamantina;2010;23,2;12,5;0,7;63,5;0,1;
2914406;Iraquara;Chapada Diamantina;2010;19;7,6;1;72,3;;
2914505;Irará;Portal do Sertão;2010;7;30,6;1,6;60,7;0,1;
2914604;Irecê;Irecê;2010;32,7;10,8;0,8;55,5;0,1;
2914653;Itabela;Costa do Descobrimento;2010;18,7;11,6;1,1;67,6;1;
2914703;Itaberaba;Piemonte do Paraguaçu;2010;21,4;16,4;1,1;60,6;0,4;
2914802;Itabuna;Litoral Sul;2010;22,1;14;0,8;62,7;0,4;
2914901;Itacaré;Litoral Sul;2010;13;27,2;1,1;58,4;0,3;
2915007;Itaeté;Chapada Diamantina;2010;15,7;22,9;1,6;59,7;0,1;
2915106;Itagi;Médio Rio de Contas;2010;19,8;9,8;0,2;70,1;0,2;
2915205;Itagibá;Médio Rio de Contas;2010;21,9;17;0,7;60,1;0,3;
2915304;Itagimirim;Costa do Descobrimento;2010;21,9;11,1;2,2;64,5;0,3;
2915353;Itaguaçu da Bahia;Irecê;2010;20,9;11,4;0,6;67;0,1;
2915403;Itaju do Colônia;Litoral Sul;2010;21,1;14,8;1;59,5;3,6;
2915502;Itajuípe;Litoral Sul;2010;16,8;13,5;0,7;69;0,1;
2915601;Itamaraju;Extremo Sul;2010;14,7;6,6;0,5;76,7;1,5;
2915700;Itamari;Médio Rio de Contas;2010;18,5;24,1;;57,3;0,1;
2915809;Itambé;Médio Sudoeste da Bahia;2010;24,5;14;1,3;60,2;0,1;
2915908;Itanagra;Litoral Norte e Agreste Baiano;2010;8,3;24;1,6;65,7;0,4;
2916005;Itanhém;Extremo Sul;2010;29;6,9;0,8;62,7;0,6;
2916104;Itaparica;Metropolitano de Salvador;2010;9;22,8;0,9;67,1;0,1;
2916203;Itapé;Litoral Sul;2010;18,6;15;0,5;65,6;0,2;
2916302;Itapebi;Costa do Descobrimento;2010;17,5;18,5;1,9;61;1,1;
2916401;Itapetinga;Médio Sudoeste da Bahia;2010;27,5;11,3;0,9;59,9;0,3;
2916500;Itapicuru;Litoral Norte e Agreste Baiano;2010;18,6;5,4;0,1;75,9;0;
2916609;Itapitanga;Litoral Sul;2010;16,6;12,2;0,5;70,7;;
2916708;Itaquara;Vale do Jiquiriçá;2010;24,9;11,9;0,3;62,9;;
2916807;Itarantim;Médio Sudoeste da Bahia;2010;28,1;7,9;0,8;63,1;0,1;
2916856;Itatim;Piemonte do Paraguaçu;2010;24,2;12,4;0,4;62,8;0,2;
2916906;Itiruçu;Vale do Jiquiriçá;2010;21,9;11,7;1,1;65,3;;
2917003;Itiúba;Sisal;2010;19,4;8,3;0,7;71,6;0;
2917102;Itororó;Médio Sudoeste da Bahia;2010;20;10,2;1,4;68,3;0,2;
2917201;Ituaçu;Sertão Produtivo;2010;40,1;6,9;0,6;52,2;0,1;
2917300;Ituberá;Baixo Sul;2010;16,5;24,8;0,4;58,1;0,1;
2917334;Iuiu;Sertão Produtivo;2010;25;11;2,4;61,2;0,4;
2917359;Jaborandi;Bacia do Rio Corrente;2010;30,1;8,2;0,3;61,5;;
2917409;Jacaraci;Sudoeste Baiano;2010;38,6;2,2;0,4;58,8;;
2917508;Jacobina;Piemonte da Diamantina;2010;22,3;13,9;1,2;62;0,6;
2917607;Jaguaquara;Vale do Jiquiriçá;2010;26,2;14,5;0,9;58,2;0,2;
2917706;Jaguarari;Piemonte Norte do Itapicuru;2010;23,6;5,9;2,4;67,8;0,3;
2917805;Jaguaripe;Baixo Sul;2010;9,1;27,6;1,3;62;;
2917904;Jandaíra;Litoral Norte e Agreste Baiano;2010;8,5;4,9;0,7;85,9;0;
2918001;Jequié;Médio Rio de Contas;2010;26,1;12,5;0,9;60,3;0,2;
2918100;Jeremoabo;Semiárido Nordeste II;2010;26,6;7,4;0,6;65,4;0;
2918209;Jiquiriçá;Vale do Jiquiriçá;2010;20,2;21,2;1,4;57,1;0;
2918308;Jitaúna;Médio Rio de Contas;2010;19;14,7;0,2;65,8;0,2;
2918357;João Dourado;Irecê;2010;24,9;10,2;1,9;62,5;0,2;0,3
2918407;Juazeiro;Sertão do São Francisco;2010;25,2;11,3;1,5;61,6;0,4;
2918456;Jucuruçu;Extremo Sul;2010;17,1;2;0,3;80,6;;
2918506;Jussara;Irecê;2010;27,6;10,4;1;61;;
2918555;Jussari;Litoral Sul;2010;17,5;14,6;0,5;67,1;0,2;
2918605;Jussiape;Chapada Diamantina;2010;43,8;6,3;0,3;49,5;0;
2918704;Lafayette Coutinho;Vale do Jiquiriçá;2010;20,6;16,2;1,9;61,1;0,2;
2919058;Lagedo do Tabocal;Vale do Jiquiriçá;2010;26,8;9;0,7;63,5;0,1;
2918753;Lagoa Real;Sertão Produtivo;2010;46,1;7,7;0,7;45,5;;
2918803;Laje;Vale do Jiquiriçá;2010;17,3;30,3;0,4;51,7;0,2;
2918902;Lajedão;Extremo Sul;2010;25,2;7;1,3;66,5;;
2919009;Lajedinho;Piemonte do Paraguaçu;2010;17,5;13;1,7;67,7;;
2919108;Lamarão;Sisal;2010;10,4;18,7;1,3;69,5;0,2;
2919157;Lapão;Irecê;2010;25,2;14,2;1;59,2;0,4;
2919207;Lauro de Freitas;Metropolitano de Salvador;2010;22,3;24,7;1,8;50,9;0,3;0,1
2919306;Lençóis;Chapada Diamantina;2010;11,7;19,3;1,5;67,2;0,3;
2919405;Licínio de Almeida;Sudoeste Baiano;2010;37,3;5,2;0,6;56,9;;
2919504;Livramento de N. Senhora;Sertão Produtivo;2010;41,5;8,8;0,5;49,1;0,1;
2919553;Luís Eduardo Magalhães;Bacia do Rio Grande;2010;33,1;6,8;1;59;0,1;
2919603;Macajuba;Piemonte do Paraguaçu;2010;19,6;9,9;2,7;67,8;;
2919702;Macarani;Médio Sudoeste da Bahia;2010;30,4;8,7;1,2;59,6;0,1;
2919801;Macaúbas;Bacia do Paramirim;2010;37,5;7,5;1;53,8;0,2;
2919900;Macururé;Itaparica;2010;20,6;12;3,3;63,7;0,4;
2919926;Madre de Deus;Metropolitano de Salvador;2010;11;15,8;1,3;71,8;0,1;
2919959;Maetinga;Sudoeste Baiano;2010;31;6,2;;62,8;;
2920007;Maiquinique;Médio Sudoeste da Bahia;2010;25,9;6,2;1,4;66,6;;
2920106;Mairi;Bacia do Jacuípe;2010;23;8,2;0,9;67,9;0;
2920205;Malhada;Velho Chico;2010;9,3;10,6;1,9;78,1;0;
2920304;Malhada de Pedras;Sertão Produtivo;2010;45;4,2;0,1;50,6;0,1;
2920403;Manoel Vitorino;Médio Rio de Contas;2010;33,3;5;0,6;61;0;
2920452;Mansidão;Bacia do Rio Grande;2010;9,8;8,3;1;80,9;;
2920502;Maracás;Vale do Jiquiriçá;2010;29,3;9,8;1,1;59,5;0,3;
2920601;Maragogipe;Recôncavo;2010;16,7;22,6;0,7;59,9;;
2920700;Maraú;Litoral Sul;2010;10,8;30,6;0,8;57,8;0;
2920809;Marcionílio Souza;Chapada Diamantina;2010;12,6;12,4;1,8;73,2;;
2920908;Mascote;Litoral Sul;2010;16,7;14,2;1,7;67;0,4;
2921005;Mata de São João;Metropolitano de Salvador;2010;11,2;24,4;2,1;62,1;0,1;
2921054;Matina;Velho Chico;2010;27,1;13,1;0,7;59,1;;
2921104;Medeiros Neto;Extremo Sul;2010;26;6,4;0,4;66,9;0,2;
2921203;Miguel Calmon;Piemonte da Diamantina;2010;20,8;11,1;0,4;67,7;0;
2921302;Milagres;Vale do Jiquiriçá;2010;23,6;8,7;0,3;67,3;0,2;
2921401;Mirangaba;Piemonte da Diamantina;2010;18,3;16,2;2;63,4;0,1;
2921450;Mirante;Sudoeste Baiano;2010;38,7;2,8;0,7;57,7;;
2921500;Monte Santo;Sisal;2010;38,5;4,8;0,4;56,2;0,1;
2921609;Morpará;Velho Chico;2010;24,4;3,9;0,4;71,2;0,1;
2921708;Morro do Chapéu;Chapada Diamantina;2010;21,4;16,2;1,5;60,7;0,2;
2921807;Mortugaba;Sudoeste Baiano;2010;31,7;5,4;0,5;62,4;;
2921906;Mucugê;Chapada Diamantina;2010;22,6;10,9;1;65,3;0,2;
2922003;Mucuri;Extremo Sul;2010;21,6;18;1;59,1;0,3;
2922052;Mulungu do Morro;Irecê;2010;22,1;5,3;1;71,5;0,1;
2922102;Mundo Novo;Piemonte do Paraguaçu;2010;19,7;9,8;0,9;69,6;;
2922201;Muniz Ferreira;Recôncavo;2010;17,1;21,6;0,4;60,8;;
2922250;Muquém do São Francisco;Velho Chico;2010;16;11,8;0,7;70;1,5;
2922300;Muritiba;Recôncavo;2010;12,2;26,3;1,5;59,9;0;
2922409;Mutuípe;Vale do Jiquiriçá;2010;19,9;23,1;0,9;56;0,1;
2922508;Nazaré;Recôncavo;2010;14,7;23,2;0,9;61;0,1;
2922607;Nilo Peçanha;Baixo Sul;2010;13,1;15,1;1;70,8;;
2922656;Nordestina;Sisal;2010;22,9;2,8;0,8;73,3;0,1;
2922706;Nova Canaã;Médio Sudoeste da Bahia;2010;27,9;11,1;0,7;60,3;;
2922730;Nova Fátima;Bacia do Jacuípe;2010;23,9;7,8;0,9;67,2;0,1;
2922755;Nova Ibiá;Médio Rio de Contas;2010;17;24,3;1,1;57,6;0;
2922805;Nova Itarana;Vale do Jiquiriçá;2010;20,8;12,8;1,1;65;0,3;
2922854;Nova Redenção;Chapada Diamantina;2010;13,8;18,3;2,3;65,6;;
2922904;Nova Soure;Semiárido Nordeste II;2010;17,3;10,5;0,9;71,3;0;
2923001;Nova Viçosa;Extremo Sul;2010;22,2;17,5;1,2;58,5;0,6;
2923035;Novo Horizonte;Chapada Diamantina;2010;37,6;8,5;1,2;52,6;0,1;
2923050;Novo Triunfo;Semiárido Nordeste II;2010;39,2;8,4;0,3;52,1;;
2923100;Olindina;Litoral Norte e Agreste Baiano;2010;20,2;7,6;0,6;71,5;0,2;
2923209;Oliveira dos Brejinhos;Velho Chico;2010;22,2;5,5;1,7;70,6;;
2923308;Ouriçangas;Litoral Norte e Agreste Baiano;2010;7,2;38,1;2,9;51,9;;
2923357;Ourolândia;Piemonte da Diamantina;2010;19,4;13,6;3,3;63,5;0,2;
2923407;Palmas de Monte Alto;Sertão Produtivo;2010;25,2;14;4,4;56;0,4;
2923506;Palmeiras;Chapada Diamantina;2010;14,1;15,4;1,9;67,3;1,3;
2923605;Paramirim;Bacia do Paramirim;2010;35,3;8,7;0,5;55,4;0,2;
2923704;Paratinga;Velho Chico;2010;17,1;12,4;1,6;68,7;0,2;
2923803;Paripiranga;Semiárido Nordeste II;2010;37,9;5,3;0,8;56;;
2923902;Pau Brasil;Litoral Sul;2010;17,9;10,6;1;49,6;20,9;
2924009;Paulo Afonso;Itaparica;2010;32;5,4;0,9;60,7;1;
2924058;Pé de Serra;Bacia do Jacuípe;2010;26,1;8,4;1,5;63,9;0,1;
2924108;Pedrão;Litoral Norte e Agreste Baiano;2010;5,6;30,9;1,6;61,9;;
2924207;Pedro Alexandre;Semiárido Nordeste II;2010;15,2;5;0,6;79,1;;
2924306;Piatã;Chapada Diamantina;2010;31,7;10,5;1;56,9;0;
2924405;Pilão Arcado;Sertão do São Francisco;2010;20,6;7,2;2,3;69,9;0;
2924504;Pindaí;Sertão Produtivo;2010;23,1;5,8;0,9;70,2;;
2924603;Pindobaçu;Piemonte Norte do Itapicuru;2010;24;11,9;2,5;60,7;0,9;
2924652;Pintadas;Bacia do Jacuípe;2010;17,5;10,5;0,6;71,3;0,1;
2924678;Piraí do Norte;Baixo Sul;2010;14,6;17,4;1,8;66,2;;
2924702;Piripá;Sudoeste Baiano;2010;21,6;4,4;0,2;73,8;;
2924801;Piritiba;Piemonte do Paraguaçu;2010;22;10,3;0,6;67,1;0;
2924900;Planaltino;Vale do Jiquiriçá;2010;25,8;12,3;1,8;60;0,1;
2925006;Planalto;Sudoeste Baiano;2010;31,7;5,6;0,5;62,3;;
2925105;Poções;Sudoeste Baiano;2010;29,5;7,4;1,2;61,6;0,3;
2925204;Pojuca;Metropolitano de Salvador;2010;14,5;24,7;1,2;59,5;0,1;
2925253;Ponto Novo;Piemonte Norte do Itapicuru;2010;21,1;6,4;1,2;71,2;;
2925303;Porto Seguro;Costa do Descobrimento;2010;22,9;12,6;0,5;59,6;4,3;
2925402;Potiraguá;Médio Sudoeste da Bahia;2010;22,2;15,8;0,4;61,1;0,4;
2925501;Prado;Extremo Sul;2010;13,5;15,1;0,9;62,6;7,9;
2925600;Presidente Dutra;Irecê;2010;32,4;7;0,6;60;;
2925709;Presidente Jânio Quadros;Sudoeste Baiano;2010;36,8;3,4;0,9;58,9;0,1;
2925758;Presidente Tancredo Neves;Baixo Sul;2010;19,3;15,6;1,4;63,7;;
2925808;Queimadas;Sisal;2010;24,8;7,5;0,7;66,6;0,4;
2925907;Quijingue;Sisal;2010;16,7;2,5;0,4;80,2;0,3;
2925931;Quixabeira;Bacia do Jacuípe;2010;22,2;7,5;0,2;70,1;;
2925956;Rafael Jambeiro;Piemonte do Paraguaçu;2010;17,7;11,3;0,9;70;0,1;
2926004;Remanso;Sertão do São Francisco;2010;29,9;10,7;1,8;57,5;0,1;
2926103;Retirolândia;Sisal;2010;30,7;10,2;1,2;57,8;;
2926202;Riachão das Neves;Bacia do Rio Grande;2010;13,6;9,5;1,4;75,4;0;
2926301;Riachão do Jacuípe;Bacia do Jacuípe;2010;25,3;14;0,9;59,6;0,2;
2926400;Riacho de Santana;Velho Chico;2010;40,4;10,8;0,6;48,1;0,1;
2926509;Ribeira do Amparo;Semiárido Nordeste II;2010;20;5;0,7;74,2;0,1;
2926608;Ribeira do Pombal;Semiárido Nordeste II;2010;31,4;8,6;1;58,1;0,8;
2926657;Ribeirão do Largo;Sudoeste Baiano;2010;24,7;8,5;1,3;64,7;0,1;0,8
2926707;Rio de Contas;Chapada Diamantina;2010;45,9;15,9;1,1;37,1;;
2926806;Rio do Antônio;Sertão Produtivo;2010;46,5;3,5;0,7;49,3;;
2926905;Rio do Pires;Bacia do Paramirim;2010;47,9;4,1;0,9;47,1;0;
2927002;Rio Real;Litoral Norte e Agreste Baiano;2010;24,4;6,1;0,3;69,1;0;
2927101;Rodelas;Itaparica;2010;29,6;10,2;1;46,9;12,3;
2927200;Ruy Barbosa;Piemonte do Paraguaçu;2010;20;14,1;0,9;64,9;0;
2927309;Salinas da Margarida;Recôncavo;2010;6,5;38,2;2,2;52,8;0,3;
2927408;Salvador;Metropolitano de Salvador;2010;18,9;27,4;1,4;51,8;0,3;0,2
2927507;Santa Bárbara;Portal do Sertão;2010;11,5;14,6;2,3;71,7;0;
2927606;Santa Brígida;Semiárido Nordeste II;2010;25,5;4;0,2;70,3;0;
2927705;Santa Cruz Cabrália;Costa do Descobrimento;2010;17,9;8,1;0,6;58,7;14,8;
2927804;Santa Cruz da Vitória;Médio Sudoeste da Bahia;2010;18,1;8;0,8;72,9;0,2;
2927903;Santa Inês;Vale do Jiquiriçá;2010;20,7;14;0,3;65;0,1;
2928059;Santa Luzia;Litoral Sul;2010;13,2;18,6;0,8;67,2;0,1;
2928109;Santa Maria da Vitória;Bacia do Rio Corrente;2010;30,1;9,8;0,8;59,2;0,1;
2928406;Santa Rita de Cássia;Bacia do Rio Grande;2010;22,4;7,6;1,6;68,4;0;
2928505;Santa Terezinha;Piemonte do Paraguaçu;2010;19,3;16,6;0,8;62,9;0,3;
2928000;Santaluz;Sisal;2010;23,1;8,5;1,5;66,6;0,3;
2928208;Santana;Bacia do Rio Corrente;2010;33,2;5,4;0,8;60,6;0;
2928307;Santanópolis;Portal do Sertão;2010;8,2;27;1;63,8;;
2928604;Santo Amaro;Recôncavo;2010;8,2;37,5;2,3;51,9;0,1;
2928703;Santo Antônio de Jesus;Recôncavo;2010;22,4;23,8;1;52,6;0,1;
2928802;Santo Estevão;Portal do Sertão;2010;13,2;21,1;0,7;64,9;0,1;
2928901;São Desidério;Bacia do Rio Grande;2010;27,6;6,8;0,4;65,2;0;
2928950;São Domingos;Sisal;2010;22,4;7,7;1;68,9;;
2929107;São Felipe;Recôncavo;2010;18,3;17,5;2;62,2;;
2929008;São Félix;Recôncavo;2010;10,6;29,3;1,6;58,2;0,3;
2929057;São Félix do Coribe;Bacia do Rio Corrente;2010;33,7;7,4;0,9;57,6;0,4;
2929206;São Francisco do Conde;Metropolitano de Salvador;2010;5,9;39,6;1,8;52,3;0,4;
2929255;São Gabriel;Irecê;2010;27,3;9,3;0,4;62,9;0,1;
2929305;São Gonçalo dos Campos;Portal do Sertão;2010;6,7;43,1;0,7;49,4;0,1;
2929354;São José da Vitória;Litoral Sul;2010;12,5;26,5;0,5;59,5;1;
2929370;São José do Jacuípe;Bacia do Jacuípe;2010;26,7;9,1;0,5;63,7;;
2929404;São Miguel das Matas;Vale do Jiquiriçá;2010;19,7;34,6;1;44,5;0,2;
2929503;São Sebastião do Passé;Metropolitano de Salvador;2010;9;31,2;3,1;56,5;0,2;
2929602;Sapeaçu;Recôncavo;2010;13,3;27,6;0,7;58,3;0,1;
2929701;Sátiro Dias;Litoral Norte e Agreste Baiano;2010;23,7;18,6;1,1;56,5;0,2;
2929750;Saubara;Recôncavo;2010;6,7;33,7;3,5;56;0,1;
2929800;Saúde;Piemonte da Diamantina;2010;17,2;13;0,9;68,9;;
2929909;Seabra;Chapada Diamantina;2010;25,3;11,6;1;62;0,2;
2930006;Sebastião Laranjeiras;Sertão Produtivo;2010;20,1;3,6;0,8;75,5;;
2930105;Senhor do Bonfim;Piemonte Norte do Itapicuru;2010;27,4;8,1;1,6;62,8;0,1;
2930204;Sento Sé;Sertão do São Francisco;2010;19;10,1;2,2;68,6;0,1;
2930154;Serra do Ramalho;Velho Chico;2010;21,3;10,9;2,4;64,9;0,4;
2930303;Serra Dourada;Bacia do Rio Corrente;2010;26,6;5,1;0,8;67,4;0,1;
2930402;Serra Preta;Bacia do Jacuípe;2010;10,9;20,1;1,8;66,6;0,5;
2930501;Serrinha;Sisal;2010;20,8;17;1,1;60,8;0,3;
2930600;Serrolândia;Piemonte da Diamantina;2010;24,9;8,6;0,5;66,1;0;
2930709;Simões Filho;Metropolitano de Salvador;2010;12,1;27,5;1,8;58,2;0,3;
2930758;Sítio do Mato;Velho Chico;2010;16,4;15,7;2,1;65,8;;
2930766;Sítio do Quinto;Semiárido Nordeste II;2010;29,7;5,6;0,4;64,1;0,2;
2930774;Sobradinho;Sertão do São Francisco;2010;23,5;11,6;1,1;63,6;0,2;
2930808;Souto Soares;Chapada Diamantina;2010;27;7;1;65;;
2930907;Tabocas do Brejo Velho;Bacia do Rio Corrente;2010;29,8;6;1,7;62,5;;
2931004;Tanhaçu;Sertão Produtivo;2010;38,9;4;0,2;56,8;0,1;
2931053;Tanque Novo;Sertão Produtivo;2010;37,8;6;0,5;55,7;;
2931103;Tanquinho;Portal do Sertão;2010;11,2;32,6;0,8;55,3;;
2931202;Taperoá;Baixo Sul;2010;11;21,8;0,7;66,3;0,1;
2931301;Tapiramutá;Piemonte do Paraguaçu;2010;17,3;10,6;0,8;71,3;;
2931350;Teixeira de Freitas;Extremo Sul;2010;28,1;10,6;1,2;59,5;0,6;
2931400;Teodoro Sampaio;Portal do Sertão;2010;6,2;19,2;3,9;70,7;;
2931509;Teofilândia;Sisal;2010;18,1;24,1;3,2;54,7;;
2931608;Teolândia;Baixo Sul;2010;12,4;20,2;2,2;65,1;0;
2931707;Terra Nova;Portal do Sertão;2010;5,2;21,5;2,1;71,1;0,1;
2931806;Tremedal;Sudoeste Baiano;2010;31,5;4,5;0,5;63,5;;
2931905;Tucano;Sisal;2010;34,1;6,7;0,6;58,2;0,3;
2932002;Uauá;Sertão do São Francisco;2010;33,3;5;1,1;60,3;0,3;
2932101;Ubaíra;Vale do Jiquiriçá;2010;22,7;11,7;0,2;65,2;0,2;
2932200;Ubaitaba;Litoral Sul;2010;15,5;21,2;0,5;62,5;0,3;
2932309;Ubatã;Médio Rio de Contas;2010;12,3;15;1,7;70,7;0,3;
2932408;Uibaí;Irecê;2010;31,1;11,1;1;56,9;;
2932457;Umburanas;Piemonte da Diamantina;2010;18,8;5,9;1,4;73,8;0;
2932507;Una;Litoral Sul;2010;10,1;11,1;0,8;77,1;0,9;
2932606;Urandi;Sertão Produtivo;2010;27,6;4,1;0,3;68;;
2932705;Uruçuca;Litoral Sul;2010;16;20,9;1,4;61,4;0,3;
2932804;Utinga;Chapada Diamantina;2010;22,6;7,9;0,4;68,9;0,2;
2932903;Valença;Baixo Sul;2010;16,4;20,6;1,2;61,5;0,2;
2933000;Valente;Sisal;2010;30;7,5;0,7;61,7;0,1;
2933059;Várzea da Roça;Bacia do Jacuípe;2010;37,2;9,6;1;51,8;0,4;
2933109;Várzea do Poço;Bacia do Jacuípe;2010;33,5;5,4;0,5;60,6;;
2933158;Várzea Nova;Piemonte da Diamantina;2010;22,4;14,4;1,6;61,6;0,1;
2933174;Varzedo;Recôncavo;2010;18,7;16,1;0,4;64,7;0,1;
2933208;Vera Cruz;Metropolitano de Salvador;2010;10;26,7;0,9;62,3;0,1;
2933257;Vereda;Extremo Sul;2010;30,1;7,1;0,4;62;0,3;
2933307;Vitória da Conquista;Sudoeste Baiano;2010;32,3;10,2;0,5;56,8;0,2;0
2933406;Wagner;Chapada Diamantina;2010;13,7;11,2;0,7;74,3;;
2933455;Wanderley;Bacia do Rio Grande;2010;26,5;6,1;1,6;65,8;;
2933505;Wenceslau Guimarães;Baixo Sul;2010;14,2;19,5;0,6;65,5;0,1;
2933604;Xique-Xique;Irecê;2010;18;13,9;0,7;67,2;0,2;
