Municipios;Ano;CD_GEOCMU;total_pop_mun;fxa_pop_mun
BARROCAS;1991;2903276;NA;NA
BARROCAS;2000;2903276;NA;NA
LUÍS EDUARDO MAGALHÃES;1991;2919553;NA;NA
LUÍS EDUARDO MAGALHÃES;2000;2919553;NA;NA
SALVADOR;1991;2927408;2075273;Mais de 600 mil
SALVADOR;2000;2927408;2443107;Mais de 600 mil
SALVADOR;2010;2927408;2675656;Mais de 600 mil
ABAÍRA;2010;2900108;8316;Até 10 mil
ABAÍRA;1991;2900108;8754;Até 10 mil
ABAÍRA;2000;2900108;9067;Até 10 mil
AIQUARA;2010;2900603;4602;Até 10 mil
AIQUARA;2000;2900603;5315;Até 10 mil
AIQUARA;1991;2900603;6612;Até 10 mil
ALMADINA;2010;2900900;6357;Até 10 mil
ALMADINA;2000;2900900;7862;Até 10 mil
ANGUERA;1991;2901502;7859;Até 10 mil
ANGUERA;2000;2901502;8834;Até 10 mil
ANTÔNIO GONÇALVES;2000;2901809;9716;Até 10 mil
APUAREMA;2000;2901957;7443;Até 10 mil
APUAREMA;2010;2901957;7459;Até 10 mil
APUAREMA;1991;2901957;7647;Até 10 mil
ARAÇÁS;1991;2902054;8940;Até 10 mil
ARAMARI;1991;2902203;7636;Até 10 mil
ARAMARI;2000;2902203;9258;Até 10 mil
ARATUÍPE;1991;2902302;7811;Até 10 mil
ARATUÍPE;2000;2902302;8381;Até 10 mil
ARATUÍPE;2010;2902302;8599;Até 10 mil
BARRA DO ROCHA;2010;2903102;6313;Até 10 mil
BARRA DO ROCHA;2000;2903102;8074;Até 10 mil
BARRA DO ROCHA;1991;2903102;9690;Até 10 mil
BARRO PRETO/LOMANTO JUNIOR;2010;2903300;6453;Até 10 mil
BARRO PRETO/LOMANTO JUNIOR;2000;2903300;8602;Até 10 mil
BREJOLÂNDIA;2000;2904407;8762;Até 10 mil
CAATIBA;1991;2904803;9707;Até 10 mil
CANÁPOLIS;2010;2906105;9410;Até 10 mil
CANÁPOLIS;1991;2906105;9475;Até 10 mil
CANÁPOLIS;2000;2906105;9743;Até 10 mil
CANDEAL;2010;2906402;8895;Até 10 mil
CARDEAL DA SILVA;1991;2907004;6400;Até 10 mil
CARDEAL DA SILVA;2000;2907004;8034;Até 10 mil
CARDEAL DA SILVA;2010;2907004;8899;Até 10 mil
CATOLÂNDIA;2010;2907400;2612;Até 10 mil
CATOLÂNDIA;2000;2907400;3092;Até 10 mil
CATOLÂNDIA;1991;2907400;3274;Até 10 mil
CATURAMA;2000;2907558;8640;Até 10 mil
CATURAMA;2010;2907558;8843;Até 10 mil
CATURAMA;1991;2907558;9714;Até 10 mil
CHORROCHÓ;1991;2907707;9603;Até 10 mil
CONTENDAS DO SINCORÁ;2000;2908804;4264;Até 10 mil
CONTENDAS DO SINCORÁ;2010;2908804;4663;Até 10 mil
CONTENDAS DO SINCORÁ;1991;2908804;4763;Até 10 mil
CORDEIROS;2010;2909000;8168;Até 10 mil
CORDEIROS;2000;2909000;8193;Até 10 mil
CRAVOLÂNDIA;1991;2909505;4720;Até 10 mil
CRAVOLÂNDIA;2000;2909505;5001;Até 10 mil
CRAVOLÂNDIA;2010;2909505;5041;Até 10 mil
DOM BASÍLIO;1991;2910107;9730;Até 10 mil
DOM MACEDO COSTA;2000;2910206;3748;Até 10 mil
DOM MACEDO COSTA;2010;2910206;3874;Até 10 mil
DOM MACEDO COSTA;1991;2910206;3904;Até 10 mil
ELÍSIO MEDRADO;1991;2910305;7839;Até 10 mil
ELÍSIO MEDRADO;2000;2910305;7860;Até 10 mil
ELÍSIO MEDRADO;2010;2910305;7947;Até 10 mil
ÉRICO CARDOSO;1991;2900504;7307;Até 10 mil
FEIRA DA MATA;2010;2910776;6184;Até 10 mil
FEIRA DA MATA;2000;2910776;6235;Até 10 mil
FEIRA DA MATA;1991;2910776;6343;Até 10 mil
FIRMINO ALVES;2000;2910909;5170;Até 10 mil
FIRMINO ALVES;2010;2910909;5384;Até 10 mil
FIRMINO ALVES;1991;2910909;5523;Até 10 mil
GAVIÃO;2010;2911253;4561;Até 10 mil
GAVIÃO;2000;2911253;4792;Até 10 mil
GAVIÃO;1991;2911253;7118;Até 10 mil
GONGOGI;2010;2911501;8357;Até 10 mil
GONGOGI;1991;2911501;8951;Até 10 mil
GUAJERU;1991;2911659;8534;Até 10 mil
IBICOARA;1991;2912202;8726;Até 10 mil
IBIQUERA;2000;2912608;4495;Até 10 mil
IBIQUERA;2010;2912608;4866;Até 10 mil
IBIQUERA;1991;2912608;5838;Até 10 mil
IBIRAPOÃ;2000;2912806;7096;Até 10 mil
IBIRAPOÃ;2010;2912806;7956;Até 10 mil
IBIRAPOÃ;1991;2912806;8290;Até 10 mil
ICHU;2010;2913309;5255;Até 10 mil
ICHU;2000;2913309;5593;Até 10 mil
ICHU;1991;2913309;8596;Até 10 mil
IPUPIARA;1991;2914109;8034;Até 10 mil
IPUPIARA;2000;2914109;8541;Até 10 mil
IPUPIARA;2010;2914109;9285;Até 10 mil
IRAJUBA;1991;2914208;6354;Até 10 mil
IRAJUBA;2000;2914208;6362;Até 10 mil
IRAJUBA;2010;2914208;7002;Até 10 mil
ITAGIMIRIM;2010;2915304;7110;Até 10 mil
ITAGIMIRIM;2000;2915304;7728;Até 10 mil
ITAGIMIRIM;1991;2915304;7887;Até 10 mil
ITAJU DO COLÔNIA;2010;2915403;7309;Até 10 mil
ITAJU DO COLÔNIA;2000;2915403;8580;Até 10 mil
ITAJU DO COLÔNIA;1991;2915403;9773;Até 10 mil
ITAMARI;2010;2915700;7903;Até 10 mil
ITAMARI;2000;2915700;8347;Até 10 mil
ITAMARI;1991;2915700;8831;Até 10 mil
ITANAGRA;1991;2915908;5553;Até 10 mil
ITANAGRA;2000;2915908;6370;Até 10 mil
ITANAGRA;2010;2915908;7598;Até 10 mil
ITAQUARA;1991;2916708;7180;Até 10 mil
ITAQUARA;2010;2916708;7678;Até 10 mil
ITAQUARA;2000;2916708;7861;Até 10 mil
JABORANDI;2010;2917359;8973;Até 10 mil
JANDAÍRA;1991;2917904;8225;Até 10 mil
JUSSARI;2010;2918555;6474;Até 10 mil
JUSSARI;2000;2918555;7556;Até 10 mil
JUSSARI;1991;2918555;8470;Até 10 mil
JUSSIAPE;2010;2918605;8031;Até 10 mil
LAFAYETTE COUTINHO;2010;2918704;3901;Até 10 mil
LAFAYETTE COUTINHO;2000;2918704;4102;Até 10 mil
LAFAYETTE COUTINHO;1991;2918704;5125;Até 10 mil
LAGEDO DO TABOCAL;1991;2919058;6476;Até 10 mil
LAGEDO DO TABOCAL;2000;2919058;8100;Até 10 mil
LAGEDO DO TABOCAL;2010;2919058;8305;Até 10 mil
LAJEDÃO;2000;2918902;3409;Até 10 mil
LAJEDÃO;2010;2918902;3733;Até 10 mil
LAJEDÃO;1991;2918902;3818;Até 10 mil
LAJEDINHO;2010;2919009;3936;Até 10 mil
LAJEDINHO;2000;2919009;4352;Até 10 mil
LAJEDINHO;1991;2919009;6225;Até 10 mil
LAMARÃO;2000;2919108;9523;Até 10 mil
LAMARÃO;2010;2919108;9560;Até 10 mil
LENÇÓIS;1991;2919306;7584;Até 10 mil
LENÇÓIS;2000;2919306;8910;Até 10 mil
MACURURÉ;1991;2919900;6770;Até 10 mil
MACURURÉ;2010;2919900;8073;Até 10 mil
MACURURÉ;2000;2919900;8612;Até 10 mil
MADRE DE DEUS;1991;2919926;9183;Até 10 mil
MAETINGA;2010;2919959;7038;Até 10 mil
MAIQUINIQUE;2000;2920007;7326;Até 10 mil
MAIQUINIQUE;1991;2920007;7833;Até 10 mil
MAIQUINIQUE;2010;2920007;8782;Até 10 mil
MALHADA DE PEDRAS;1991;2920304;7279;Até 10 mil
MALHADA DE PEDRAS;2000;2920304;8426;Até 10 mil
MALHADA DE PEDRAS;2010;2920304;8468;Até 10 mil
MATINA;1991;2921054;8999;Até 10 mil
MILAGRES;1991;2921302;9298;Até 10 mil
MIRANTE;1991;2921450;8189;Até 10 mil
MORPARÁ;1991;2921609;7411;Até 10 mil
MORPARÁ;2010;2921609;8280;Até 10 mil
MORPARÁ;2000;2921609;8597;Até 10 mil
MUNIZ FERREIRA;1991;2922201;6280;Até 10 mil
MUNIZ FERREIRA;2000;2922201;6941;Até 10 mil
MUNIZ FERREIRA;2010;2922201;7317;Até 10 mil
MUQUÉM DO SÃO FRANCISCO;1991;2922250;8257;Até 10 mil
MUQUÉM DO SÃO FRANCISCO;2000;2922250;9052;Até 10 mil
NORDESTINA;1991;2922656;9315;Até 10 mil
NOVA FÁTIMA;2000;2922730;7536;Até 10 mil
NOVA FÁTIMA;2010;2922730;7602;Até 10 mil
NOVA IBIÁ;2010;2922755;6648;Até 10 mil
NOVA IBIÁ;2000;2922755;7166;Até 10 mil
NOVA ITARANA;2000;2922805;6592;Até 10 mil
NOVA ITARANA;1991;2922805;6636;Até 10 mil
NOVA ITARANA;2010;2922805;7435;Até 10 mil
NOVA REDENÇÃO;2010;2922854;8034;Até 10 mil
NOVA REDENÇÃO;2000;2922854;8636;Até 10 mil
NOVO HORIZONTE;2000;2923035;8502;Até 10 mil
OURIÇANGAS;1991;2923308;7043;Até 10 mil
OURIÇANGAS;2000;2923308;7525;Até 10 mil
OURIÇANGAS;2010;2923308;8298;Até 10 mil
PALMEIRAS;1991;2923506;7142;Até 10 mil
PALMEIRAS;2000;2923506;7518;Até 10 mil
PALMEIRAS;2010;2923506;8410;Até 10 mil
PEDRÃO;2000;2924108;6764;Até 10 mil
PEDRÃO;1991;2924108;6813;Até 10 mil
PEDRÃO;2010;2924108;6876;Até 10 mil
PIRAÍ DO NORTE;2010;2924678;9799;Até 10 mil
PLANALTINO;2000;2924900;7963;Até 10 mil
PLANALTINO;2010;2924900;8822;Até 10 mil
POTIRAGUÁ;2010;2925402;9810;Até 10 mil
QUIXABEIRA;2000;2925931;9466;Até 10 mil
QUIXABEIRA;2010;2925931;9554;Até 10 mil
RIBEIRÃO DO LARGO;2010;2926657;8602;Até 10 mil
RODELAS;1991;2927101;4298;Até 10 mil
RODELAS;2000;2927101;6260;Até 10 mil
RODELAS;2010;2927101;7775;Até 10 mil
SALINAS DA MARGARIDA;1991;2927309;8891;Até 10 mil
SANTA CRUZ CABRÁLIA;1991;2927705;6535;Até 10 mil
SANTA CRUZ DA VITÓRIA;1991;2927804;6653;Até 10 mil
SANTA CRUZ DA VITÓRIA;2010;2927804;6673;Até 10 mil
SANTA CRUZ DA VITÓRIA;2000;2927804;7025;Até 10 mil
SANTA TEREZINHA;2000;2928505;8696;Até 10 mil
SANTA TEREZINHA;1991;2928505;8860;Até 10 mil
SANTA TEREZINHA;2010;2928505;9648;Até 10 mil
SANTANÓPOLIS;2000;2928307;8644;Até 10 mil
SANTANÓPOLIS;2010;2928307;8776;Até 10 mil
SANTANÓPOLIS;1991;2928307;9330;Até 10 mil
SÃO DOMINGOS;2000;2928950;8526;Até 10 mil
SÃO DOMINGOS;2010;2928950;9226;Até 10 mil
SÃO JOSÉ DA VITÓRIA;2010;2929354;5715;Até 10 mil
SÃO JOSÉ DA VITÓRIA;2000;2929354;6210;Até 10 mil
SÃO JOSÉ DA VITÓRIA;1991;2929354;8768;Até 10 mil
SÃO JOSÉ DO JACUÍPE;2000;2929370;9233;Até 10 mil
SÃO MIGUEL DAS MATAS;1991;2929404;9311;Até 10 mil
SAUBARA;1991;2929750;8016;Até 10 mil
SEBASTIÃO LARANJEIRAS;1991;2930006;9090;Até 10 mil
SEBASTIÃO LARANJEIRAS;2000;2930006;9283;Até 10 mil
SÍTIO DO MATO;1991;2930758;8699;Até 10 mil
TANQUINHO;2000;2931103;7460;Até 10 mil
TANQUINHO;2010;2931103;8008;Até 10 mil
TEODORO SAMPAIO;2010;2931400;7895;Até 10 mil
TEODORO SAMPAIO;2000;2931400;8884;Até 10 mil
TEODORO SAMPAIO;1991;2931400;9601;Até 10 mil
VÁRZEA DO POÇO;2000;2933109;7515;Até 10 mil
VÁRZEA DO POÇO;2010;2933109;8661;Até 10 mil
VÁRZEA DO POÇO;1991;2933109;9633;Até 10 mil
VARZEDO;1991;2933174;8662;Até 10 mil
VARZEDO;2000;2933174;8673;Até 10 mil
VARZEDO;2010;2933174;9109;Até 10 mil
VEREDA;2010;2933257;6800;Até 10 mil
VEREDA;2000;2933257;7450;Até 10 mil
VEREDA;1991;2933257;8914;Até 10 mil
WAGNER;1991;2933406;7834;Até 10 mil
WAGNER;2000;2933406;8976;Até 10 mil
WAGNER;2010;2933406;8983;Até 10 mil
ARACI;2010;2902104;51651;50 mil - 100 mil
BARREIRAS;1991;2903201;92640;50 mil - 100 mil
BOM JESUS DA LAPA;2000;2903904;54421;50 mil - 100 mil
BOM JESUS DA LAPA;2010;2903904;63480;50 mil - 100 mil
BRUMADO;1991;2904605;57176;50 mil - 100 mil
BRUMADO;2000;2904605;61670;50 mil - 100 mil
BRUMADO;2010;2904605;64602;50 mil - 100 mil
CAMPO FORMOSO;2000;2906006;61942;50 mil - 100 mil
CAMPO FORMOSO;1991;2906006;62104;50 mil - 100 mil
CAMPO FORMOSO;2010;2906006;66616;50 mil - 100 mil
CANDEIAS;1991;2906501;67941;50 mil - 100 mil
CANDEIAS;2000;2906501;76783;50 mil - 100 mil
CANDEIAS;2010;2906501;83158;50 mil - 100 mil
CASA NOVA;2000;2907202;55730;50 mil - 100 mil
CASA NOVA;2010;2907202;64940;50 mil - 100 mil
CATU;2010;2907509;51077;50 mil - 100 mil
CONCEIÇÃO DO COITÉ;1991;2908408;52338;50 mil - 100 mil
CONCEIÇÃO DO COITÉ;2000;2908408;56317;50 mil - 100 mil
CONCEIÇÃO DO COITÉ;2010;2908408;62040;50 mil - 100 mil
CRUZ DAS ALMAS;2000;2909802;53049;50 mil - 100 mil
CRUZ DAS ALMAS;2010;2909802;58606;50 mil - 100 mil
DIAS D'ÁVILA;2010;2910057;66440;50 mil - 100 mil
EUCLIDES DA CUNHA;1991;2910701;51812;50 mil - 100 mil
EUCLIDES DA CUNHA;2000;2910701;53885;50 mil - 100 mil
EUCLIDES DA CUNHA;2010;2910701;56289;50 mil - 100 mil
EUNÁPOLIS;1991;2910727;70545;50 mil - 100 mil
EUNÁPOLIS;2000;2910727;84120;50 mil - 100 mil
GUANAMBI;1991;2911709;65592;50 mil - 100 mil
GUANAMBI;2000;2911709;71728;50 mil - 100 mil
GUANAMBI;2010;2911709;78833;50 mil - 100 mil
IPIRÁ;2010;2914000;59343;50 mil - 100 mil
IPIRÁ;2000;2914000;61746;50 mil - 100 mil
IPIRÁ;1991;2914000;62672;50 mil - 100 mil
IRECÊ;1991;2914604;50908;50 mil - 100 mil
IRECÊ;2000;2914604;57436;50 mil - 100 mil
IRECÊ;2010;2914604;66181;50 mil - 100 mil
ITABERABA;1991;2914703;53742;50 mil - 100 mil
ITABERABA;2000;2914703;58943;50 mil - 100 mil
ITABERABA;2010;2914703;61631;50 mil - 100 mil
ITAMARAJU;2010;2915601;63069;50 mil - 100 mil
ITAMARAJU;2000;2915601;64144;50 mil - 100 mil
ITAMARAJU;1991;2915601;64308;50 mil - 100 mil
ITAPETINGA;1991;2916401;53476;50 mil - 100 mil
ITAPETINGA;2000;2916401;57931;50 mil - 100 mil
ITAPETINGA;2010;2916401;68273;50 mil - 100 mil
JACOBINA;2000;2917508;76492;50 mil - 100 mil
JACOBINA;1991;2917508;76518;50 mil - 100 mil
JACOBINA;2010;2917508;79247;50 mil - 100 mil
JAGUAQUARA;2010;2917607;51011;50 mil - 100 mil
LAURO DE FREITAS;1991;2919207;69270;50 mil - 100 mil
LUÍS EDUARDO MAGALHÃES;2010;2919553;60105;50 mil - 100 mil
MONTE SANTO;1991;2921500;51280;50 mil - 100 mil
MONTE SANTO;2010;2921500;52338;50 mil - 100 mil
MONTE SANTO;2000;2921500;54552;50 mil - 100 mil
PAULO AFONSO;1991;2924009;86619;50 mil - 100 mil
PAULO AFONSO;2000;2924009;96499;50 mil - 100 mil
PORTO SEGURO;2000;2925303;95721;50 mil - 100 mil
SANTO AMARO;1991;2928604;54160;50 mil - 100 mil
SANTO AMARO;2010;2928604;57800;50 mil - 100 mil
SANTO AMARO;2000;2928604;58414;50 mil - 100 mil
SANTO ANTÔNIO DE JESUS;1991;2928703;64331;50 mil - 100 mil
SANTO ANTÔNIO DE JESUS;2000;2928703;77368;50 mil - 100 mil
SANTO ANTÔNIO DE JESUS;2010;2928703;90985;50 mil - 100 mil
SENHOR DO BONFIM;2000;2930105;67723;50 mil - 100 mil
SENHOR DO BONFIM;2010;2930105;74419;50 mil - 100 mil
SENHOR DO BONFIM;1991;2930105;83421;50 mil - 100 mil
SERRINHA;1991;2930501;76013;50 mil - 100 mil
SERRINHA;2010;2930501;76762;50 mil - 100 mil
SERRINHA;2000;2930501;83206;50 mil - 100 mil
SIMÕES FILHO;1991;2930709;72526;50 mil - 100 mil
SIMÕES FILHO;2000;2930709;94066;50 mil - 100 mil
TEIXEIRA DE FREITAS;1991;2931350;85547;50 mil - 100 mil
TUCANO;2000;2931905;50948;50 mil - 100 mil
TUCANO;2010;2931905;52418;50 mil - 100 mil
VALENÇA;1991;2932903;66931;50 mil - 100 mil
VALENÇA;2000;2932903;77509;50 mil - 100 mil
VALENÇA;2010;2932903;88673;50 mil - 100 mil
FEIRA DE SANTANA;1991;2910800;406447;400 mil - 600 mil
FEIRA DE SANTANA;2000;2910800;480949;400 mil - 600 mil
FEIRA DE SANTANA;2010;2910800;556642;400 mil - 600 mil
CAMAÇARI;2010;2905701;242970;200 mil - 400 mil
ILHÉUS;2000;2913606;222127;200 mil - 400 mil
ILHÉUS;1991;2913606;223750;200 mil - 400 mil
ITABUNA;2010;2914802;204667;200 mil - 400 mil
VITÓRIA DA CONQUISTA;1991;2933307;225091;200 mil - 400 mil
VITÓRIA DA CONQUISTA;2000;2933307;262494;200 mil - 400 mil
VITÓRIA DA CONQUISTA;2010;2933307;306866;200 mil - 400 mil
ALAGOINHAS;1991;2900702;116894;100 mil - 200 mil
ALAGOINHAS;2000;2900702;130095;100 mil - 200 mil
ALAGOINHAS;2010;2900702;141949;100 mil - 200 mil
BARREIRAS;2000;2903201;131849;100 mil - 200 mil
BARREIRAS;2010;2903201;137427;100 mil - 200 mil
CAMAÇARI;1991;2905701;113639;100 mil - 200 mil
CAMAÇARI;2000;2905701;161727;100 mil - 200 mil
EUNÁPOLIS;2010;2910727;100196;100 mil - 200 mil
ILHÉUS;2010;2913606;184236;100 mil - 200 mil
ITABUNA;1991;2914802;185277;100 mil - 200 mil
ITABUNA;2000;2914802;196675;100 mil - 200 mil
JEQUIÉ;1991;2918001;144772;100 mil - 200 mil
JEQUIÉ;2000;2918001;147202;100 mil - 200 mil
JEQUIÉ;2010;2918001;151895;100 mil - 200 mil
JUAZEIRO;1991;2918407;128767;100 mil - 200 mil
JUAZEIRO;2000;2918407;174567;100 mil - 200 mil
JUAZEIRO;2010;2918407;197965;100 mil - 200 mil
LAURO DE FREITAS;2000;2919207;113543;100 mil - 200 mil
LAURO DE FREITAS;2010;2919207;163449;100 mil - 200 mil
PAULO AFONSO;2010;2924009;108396;100 mil - 200 mil
PORTO SEGURO;2010;2925303;126929;100 mil - 200 mil
SIMÕES FILHO;2010;2930709;118047;100 mil - 200 mil
TEIXEIRA DE FREITAS;2000;2931350;107486;100 mil - 200 mil
TEIXEIRA DE FREITAS;2010;2931350;138341;100 mil - 200 mil
ABARÉ;1991;2900207;11449;10 mil - 50 mil
ABARÉ;2000;2900207;13648;10 mil - 50 mil
ABARÉ;2010;2900207;17064;10 mil - 50 mil
ACAJUTIBA;1991;2900306;12894;10 mil - 50 mil
ACAJUTIBA;2000;2900306;14322;10 mil - 50 mil
ACAJUTIBA;2010;2900306;14653;10 mil - 50 mil
ADUSTINA;1991;2900355;13714;10 mil - 50 mil
ADUSTINA;2000;2900355;14302;10 mil - 50 mil
ADUSTINA;2010;2900355;15702;10 mil - 50 mil
ÁGUA FRIA;1991;2900405;14145;10 mil - 50 mil
ÁGUA FRIA;2000;2900405;14718;10 mil - 50 mil
ÁGUA FRIA;2010;2900405;15731;10 mil - 50 mil
ALCOBAÇA;1991;2900801;15410;10 mil - 50 mil
ALCOBAÇA;2000;2900801;20900;10 mil - 50 mil
ALCOBAÇA;2010;2900801;21271;10 mil - 50 mil
ALMADINA;1991;2900900;10004;10 mil - 50 mil
AMARGOSA;1991;2901007;28026;10 mil - 50 mil
AMARGOSA;2000;2901007;31108;10 mil - 50 mil
AMARGOSA;2010;2901007;34351;10 mil - 50 mil
AMÉLIA RODRIGUES;1991;2901106;22779;10 mil - 50 mil
AMÉLIA RODRIGUES;2000;2901106;24134;10 mil - 50 mil
AMÉLIA RODRIGUES;2010;2901106;25190;10 mil - 50 mil
AMÉRICA DOURADA;2000;2901155;15959;10 mil - 50 mil
AMÉRICA DOURADA;2010;2901155;15961;10 mil - 50 mil
AMÉRICA DOURADA;1991;2901155;15965;10 mil - 50 mil
ANAGÉ;2010;2901205;25516;10 mil - 50 mil
ANAGÉ;2000;2901205;31060;10 mil - 50 mil
ANAGÉ;1991;2901205;41544;10 mil - 50 mil
ANDARAÍ;2000;2901304;13884;10 mil - 50 mil
ANDARAÍ;2010;2901304;13960;10 mil - 50 mil
ANDARAÍ;1991;2901304;14285;10 mil - 50 mil
ANDORINHA;2010;2901353;14414;10 mil - 50 mil
ANDORINHA;2000;2901353;15774;10 mil - 50 mil
ANDORINHA;1991;2901353;17170;10 mil - 50 mil
ANGICAL;2010;2901403;14073;10 mil - 50 mil
ANGICAL;2000;2901403;14701;10 mil - 50 mil
ANGICAL;1991;2901403;16052;10 mil - 50 mil
ANGUERA;2010;2901502;10242;10 mil - 50 mil
ANTAS;2000;2901601;14059;10 mil - 50 mil
ANTAS;2010;2901601;17072;10 mil - 50 mil
ANTAS;1991;2901601;17104;10 mil - 50 mil
ANTÔNIO CARDOSO;1991;2901700;11328;10 mil - 50 mil
ANTÔNIO CARDOSO;2010;2901700;11554;10 mil - 50 mil
ANTÔNIO CARDOSO;2000;2901700;11620;10 mil - 50 mil
ANTÔNIO GONÇALVES;2010;2901809;11015;10 mil - 50 mil
ANTÔNIO GONÇALVES;1991;2901809;14082;10 mil - 50 mil
APORÁ;1991;2901908;15742;10 mil - 50 mil
APORÁ;2000;2901908;16769;10 mil - 50 mil
APORÁ;2010;2901908;17731;10 mil - 50 mil
ARAÇÁS;2000;2902054;11003;10 mil - 50 mil
ARAÇÁS;2010;2902054;11561;10 mil - 50 mil
ARACATU;2010;2902005;13743;10 mil - 50 mil
ARACATU;1991;2902005;15464;10 mil - 50 mil
ARACATU;2000;2902005;15491;10 mil - 50 mil
ARACI;1991;2902104;45341;10 mil - 50 mil
ARACI;2000;2902104;47584;10 mil - 50 mil
ARAMARI;2010;2902203;10036;10 mil - 50 mil
ARATACA;2010;2902252;10392;10 mil - 50 mil
ARATACA;2000;2902252;11218;10 mil - 50 mil
ARATACA;1991;2902252;13594;10 mil - 50 mil
AURELINO LEAL;2010;2902401;13595;10 mil - 50 mil
AURELINO LEAL;1991;2902401;15737;10 mil - 50 mil
AURELINO LEAL;2000;2902401;17149;10 mil - 50 mil
BAIANÓPOLIS;2000;2902500;12179;10 mil - 50 mil
BAIANÓPOLIS;1991;2902500;13823;10 mil - 50 mil
BAIANÓPOLIS;2010;2902500;13850;10 mil - 50 mil
BAIXA GRANDE;2010;2902609;20060;10 mil - 50 mil
BAIXA GRANDE;2000;2902609;20441;10 mil - 50 mil
BAIXA GRANDE;1991;2902609;21634;10 mil - 50 mil
BANZAÊ;2000;2902658;11156;10 mil - 50 mil
BANZAÊ;1991;2902658;11489;10 mil - 50 mil
BANZAÊ;2010;2902658;11814;10 mil - 50 mil
BARRA;1991;2902708;39806;10 mil - 50 mil
BARRA;2000;2902708;44203;10 mil - 50 mil
BARRA;2010;2902708;49325;10 mil - 50 mil
BARRA DA ESTIVA;1991;2902807;17246;10 mil - 50 mil
BARRA DA ESTIVA;2010;2902807;21187;10 mil - 50 mil
BARRA DA ESTIVA;2000;2902807;24440;10 mil - 50 mil
BARRA DO CHOÇA;1991;2902906;24844;10 mil - 50 mil
BARRA DO CHOÇA;2010;2902906;34788;10 mil - 50 mil
BARRA DO CHOÇA;2000;2902906;40818;10 mil - 50 mil
BARRA DO MENDES;2000;2903003;13610;10 mil - 50 mil
BARRA DO MENDES;2010;2903003;13987;10 mil - 50 mil
BARRA DO MENDES;1991;2903003;14469;10 mil - 50 mil
BARRO ALTO;1991;2903235;12059;10 mil - 50 mil
BARRO ALTO;2000;2903235;12098;10 mil - 50 mil
BARRO ALTO;2010;2903235;13612;10 mil - 50 mil
BARRO PRETO/LOMANTO JUNIOR;1991;2903300;10601;10 mil - 50 mil
BARROCAS;2010;2903276;14191;10 mil - 50 mil
BELMONTE;2000;2903409;20032;10 mil - 50 mil
BELMONTE;2010;2903409;21798;10 mil - 50 mil
BELMONTE;1991;2903409;22070;10 mil - 50 mil
BELO CAMPO;1991;2903508;14301;10 mil - 50 mil
BELO CAMPO;2010;2903508;16021;10 mil - 50 mil
BELO CAMPO;2000;2903508;17655;10 mil - 50 mil
BIRITINGA;1991;2903607;14620;10 mil - 50 mil
BIRITINGA;2000;2903607;14641;10 mil - 50 mil
BIRITINGA;2010;2903607;14836;10 mil - 50 mil
BOA NOVA;1991;2903706;13505;10 mil - 50 mil
BOA NOVA;2010;2903706;15411;10 mil - 50 mil
BOA NOVA;2000;2903706;20544;10 mil - 50 mil
BOA VISTA DO TUPIM;1991;2903805;17160;10 mil - 50 mil
BOA VISTA DO TUPIM;2010;2903805;17991;10 mil - 50 mil
BOA VISTA DO TUPIM;2000;2903805;18408;10 mil - 50 mil
BOM JESUS DA LAPA;1991;2903904;48910;10 mil - 50 mil
BOM JESUS DA SERRA;2010;2903953;10113;10 mil - 50 mil
BOM JESUS DA SERRA;1991;2903953;10226;10 mil - 50 mil
BOM JESUS DA SERRA;2000;2903953;10502;10 mil - 50 mil
BONINAL;2000;2904001;12461;10 mil - 50 mil
BONINAL;1991;2904001;13643;10 mil - 50 mil
BONINAL;2010;2904001;13695;10 mil - 50 mil
BONITO;1991;2904050;11085;10 mil - 50 mil
BONITO;2000;2904050;12902;10 mil - 50 mil
BONITO;2010;2904050;14834;10 mil - 50 mil
BOQUIRA;1991;2904100;19444;10 mil - 50 mil
BOQUIRA;2010;2904100;22037;10 mil - 50 mil
BOQUIRA;2000;2904100;22121;10 mil - 50 mil
BOTUPORÃ;1991;2904209;10254;10 mil - 50 mil
BOTUPORÃ;2010;2904209;11154;10 mil - 50 mil
BOTUPORÃ;2000;2904209;11522;10 mil - 50 mil
BREJÕES;1991;2904308;13041;10 mil - 50 mil
BREJÕES;2010;2904308;14282;10 mil - 50 mil
BREJÕES;2000;2904308;15344;10 mil - 50 mil
BREJOLÂNDIA;2010;2904407;11077;10 mil - 50 mil
BREJOLÂNDIA;1991;2904407;11268;10 mil - 50 mil
BROTAS DE MACAÚBAS;2010;2904506;10717;10 mil - 50 mil
BROTAS DE MACAÚBAS;2000;2904506;13003;10 mil - 50 mil
BROTAS DE MACAÚBAS;1991;2904506;14263;10 mil - 50 mil
BUERAREMA;2010;2904704;18605;10 mil - 50 mil
BUERAREMA;2000;2904704;19118;10 mil - 50 mil
BUERAREMA;1991;2904704;20839;10 mil - 50 mil
BURITIRAMA;1991;2904753;12539;10 mil - 50 mil
BURITIRAMA;2000;2904753;17797;10 mil - 50 mil
BURITIRAMA;2010;2904753;19600;10 mil - 50 mil
CAATIBA;2010;2904803;11420;10 mil - 50 mil
CAATIBA;2000;2904803;15508;10 mil - 50 mil
CABACEIRAS DO PARAGUAÇU;1991;2904852;14523;10 mil - 50 mil
CABACEIRAS DO PARAGUAÇU;2000;2904852;15547;10 mil - 50 mil
CABACEIRAS DO PARAGUAÇU;2010;2904852;17327;10 mil - 50 mil
CACHOEIRA;1991;2904902;28290;10 mil - 50 mil
CACHOEIRA;2000;2904902;30416;10 mil - 50 mil
CACHOEIRA;2010;2904902;32026;10 mil - 50 mil
CACULÉ;1991;2905008;17812;10 mil - 50 mil
CACULÉ;2000;2905008;20339;10 mil - 50 mil
CACULÉ;2010;2905008;22236;10 mil - 50 mil
CAÉM;2010;2905107;10368;10 mil - 50 mil
CAÉM;2000;2905107;12563;10 mil - 50 mil
CAÉM;1991;2905107;17116;10 mil - 50 mil
CAETANOS;1991;2905156;10655;10 mil - 50 mil
CAETANOS;2000;2905156;13076;10 mil - 50 mil
CAETANOS;2010;2905156;13639;10 mil - 50 mil
CAETITÉ;1991;2905206;40380;10 mil - 50 mil
CAETITÉ;2000;2905206;45090;10 mil - 50 mil
CAETITÉ;2010;2905206;47515;10 mil - 50 mil
CAFARNAUM;1991;2905305;13704;10 mil - 50 mil
CAFARNAUM;2000;2905305;16059;10 mil - 50 mil
CAFARNAUM;2010;2905305;17209;10 mil - 50 mil
CAIRU;2000;2905404;11410;10 mil - 50 mil
CAIRU;1991;2905404;15217;10 mil - 50 mil
CAIRU;2010;2905404;15374;10 mil - 50 mil
CALDEIRÃO GRANDE;2000;2905503;11395;10 mil - 50 mil
CALDEIRÃO GRANDE;2010;2905503;12491;10 mil - 50 mil
CALDEIRÃO GRANDE;1991;2905503;15815;10 mil - 50 mil
CAMACAN;2000;2905602;31055;10 mil - 50 mil
CAMACAN;2010;2905602;31472;10 mil - 50 mil
CAMACAN;1991;2905602;37023;10 mil - 50 mil
CAMAMU;1991;2905800;32850;10 mil - 50 mil
CAMAMU;2000;2905800;33661;10 mil - 50 mil
CAMAMU;2010;2905800;35180;10 mil - 50 mil
CAMPO ALEGRE DE LOURDES;1991;2905909;26125;10 mil - 50 mil
CAMPO ALEGRE DE LOURDES;2000;2905909;27607;10 mil - 50 mil
CAMPO ALEGRE DE LOURDES;2010;2905909;28090;10 mil - 50 mil
CANARANA;2000;2906204;21665;10 mil - 50 mil
CANARANA;1991;2906204;22589;10 mil - 50 mil
CANARANA;2010;2906204;24067;10 mil - 50 mil
CANAVIEIRAS;2010;2906303;32336;10 mil - 50 mil
CANAVIEIRAS;1991;2906303;33019;10 mil - 50 mil
CANAVIEIRAS;2000;2906303;35322;10 mil - 50 mil
CANDEAL;2000;2906402;10121;10 mil - 50 mil
CANDEAL;1991;2906402;10728;10 mil - 50 mil
CANDIBA;2000;2906600;12124;10 mil - 50 mil
CANDIBA;1991;2906600;12610;10 mil - 50 mil
CANDIBA;2010;2906600;13210;10 mil - 50 mil
CÂNDIDO SALES;1991;2906709;23568;10 mil - 50 mil
CÂNDIDO SALES;2010;2906709;27918;10 mil - 50 mil
CÂNDIDO SALES;2000;2906709;28516;10 mil - 50 mil
CANSANÇÃO;1991;2906808;30903;10 mil - 50 mil
CANSANÇÃO;2000;2906808;31947;10 mil - 50 mil
CANSANÇÃO;2010;2906808;32908;10 mil - 50 mil
CANUDOS;2000;2906824;13761;10 mil - 50 mil
CANUDOS;1991;2906824;13762;10 mil - 50 mil
CANUDOS;2010;2906824;15732;10 mil - 50 mil
CAPELA DO ALTO ALEGRE;2010;2906857;11527;10 mil - 50 mil
CAPELA DO ALTO ALEGRE;2000;2906857;11898;10 mil - 50 mil
CAPELA DO ALTO ALEGRE;1991;2906857;17142;10 mil - 50 mil
CAPIM GROSSO;1991;2906873;19659;10 mil - 50 mil
CAPIM GROSSO;2000;2906873;23908;10 mil - 50 mil
CAPIM GROSSO;2010;2906873;26577;10 mil - 50 mil
CARAÍBAS;2010;2906899;10222;10 mil - 50 mil
CARAÍBAS;1991;2906899;17088;10 mil - 50 mil
CARAÍBAS;2000;2906899;17164;10 mil - 50 mil
CARAVELAS;1991;2906907;19763;10 mil - 50 mil
CARAVELAS;2000;2906907;20103;10 mil - 50 mil
CARAVELAS;2010;2906907;21414;10 mil - 50 mil
CARINHANHA;1991;2907103;25565;10 mil - 50 mil
CARINHANHA;2000;2907103;27272;10 mil - 50 mil
CARINHANHA;2010;2907103;28380;10 mil - 50 mil
CASA NOVA;1991;2907202;46838;10 mil - 50 mil
CASTRO ALVES;2010;2907301;25408;10 mil - 50 mil
CASTRO ALVES;2000;2907301;25561;10 mil - 50 mil
CASTRO ALVES;1991;2907301;26773;10 mil - 50 mil
CATU;1991;2907509;43430;10 mil - 50 mil
CATU;2000;2907509;46731;10 mil - 50 mil
CENTRAL;1991;2907608;14696;10 mil - 50 mil
CENTRAL;2000;2907608;16792;10 mil - 50 mil
CENTRAL;2010;2907608;17013;10 mil - 50 mil
CHORROCHÓ;2000;2907707;10171;10 mil - 50 mil
CHORROCHÓ;2010;2907707;10734;10 mil - 50 mil
CÍCERO DANTAS;1991;2907806;27201;10 mil - 50 mil
CÍCERO DANTAS;2000;2907806;30934;10 mil - 50 mil
CÍCERO DANTAS;2010;2907806;32300;10 mil - 50 mil
CIPÓ;1991;2907905;12273;10 mil - 50 mil
CIPÓ;2000;2907905;14285;10 mil - 50 mil
CIPÓ;2010;2907905;15755;10 mil - 50 mil
COARACI;2010;2908002;20964;10 mil - 50 mil
COARACI;2000;2908002;27852;10 mil - 50 mil
COARACI;1991;2908002;31064;10 mil - 50 mil
CÔCOS;1991;2908101;15983;10 mil - 50 mil
CÔCOS;2000;2908101;17611;10 mil - 50 mil
CÔCOS;2010;2908101;18153;10 mil - 50 mil
CONCEIÇÃO DA FEIRA;1991;2908200;16067;10 mil - 50 mil
CONCEIÇÃO DA FEIRA;2000;2908200;17514;10 mil - 50 mil
CONCEIÇÃO DA FEIRA;2010;2908200;20391;10 mil - 50 mil
CONCEIÇÃO DO ALMEIDA;2010;2908309;17889;10 mil - 50 mil
CONCEIÇÃO DO ALMEIDA;1991;2908309;18542;10 mil - 50 mil
CONCEIÇÃO DO ALMEIDA;2000;2908309;18912;10 mil - 50 mil
CONCEIÇÃO DO JACUÍPE;1991;2908507;22905;10 mil - 50 mil
CONCEIÇÃO DO JACUÍPE;2000;2908507;26194;10 mil - 50 mil
CONCEIÇÃO DO JACUÍPE;2010;2908507;30123;10 mil - 50 mil
CONDE;1991;2908606;16149;10 mil - 50 mil
CONDE;2000;2908606;20426;10 mil - 50 mil
CONDE;2010;2908606;23620;10 mil - 50 mil
CONDEÚBA;2010;2908705;16898;10 mil - 50 mil
CONDEÚBA;1991;2908705;17898;10 mil - 50 mil
CONDEÚBA;2000;2908705;18047;10 mil - 50 mil
CORAÇÃO DE MARIA;1991;2908903;21937;10 mil - 50 mil
CORAÇÃO DE MARIA;2010;2908903;22401;10 mil - 50 mil
CORAÇÃO DE MARIA;2000;2908903;23818;10 mil - 50 mil
CORDEIROS;1991;2909000;10664;10 mil - 50 mil
CORIBE;1991;2909109;14167;10 mil - 50 mil
CORIBE;2010;2909109;14307;10 mil - 50 mil
CORIBE;2000;2909109;15148;10 mil - 50 mil
CORONEL JOÃO SÁ;2010;2909208;17066;10 mil - 50 mil
CORONEL JOÃO SÁ;1991;2909208;17133;10 mil - 50 mil
CORONEL JOÃO SÁ;2000;2909208;19665;10 mil - 50 mil
CORRENTINA;1991;2909307;28005;10 mil - 50 mil
CORRENTINA;2000;2909307;30583;10 mil - 50 mil
CORRENTINA;2010;2909307;31249;10 mil - 50 mil
COTEGIPE;1991;2909406;12480;10 mil - 50 mil
COTEGIPE;2000;2909406;13374;10 mil - 50 mil
COTEGIPE;2010;2909406;13636;10 mil - 50 mil
CRISÓPOLIS;1991;2909604;16778;10 mil - 50 mil
CRISÓPOLIS;2000;2909604;19037;10 mil - 50 mil
CRISÓPOLIS;2010;2909604;20046;10 mil - 50 mil
CRISTÓPOLIS;1991;2909703;12651;10 mil - 50 mil
CRISTÓPOLIS;2000;2909703;12662;10 mil - 50 mil
CRISTÓPOLIS;2010;2909703;13280;10 mil - 50 mil
CRUZ DAS ALMAS;1991;2909802;45858;10 mil - 50 mil
CURAÇÁ;1991;2909901;24895;10 mil - 50 mil
CURAÇÁ;2000;2909901;28841;10 mil - 50 mil
CURAÇÁ;2010;2909901;32168;10 mil - 50 mil
DÁRIO MEIRA;2010;2910008;12836;10 mil - 50 mil
DÁRIO MEIRA;1991;2910008;13507;10 mil - 50 mil
DÁRIO MEIRA;2000;2910008;15222;10 mil - 50 mil
DIAS D'ÁVILA;1991;2910057;31260;10 mil - 50 mil
DIAS D'ÁVILA;2000;2910057;45333;10 mil - 50 mil
DOM BASÍLIO;2000;2910107;10427;10 mil - 50 mil
DOM BASÍLIO;2010;2910107;11355;10 mil - 50 mil
ENCRUZILHADA;1991;2910404;21362;10 mil - 50 mil
ENCRUZILHADA;2010;2910404;23766;10 mil - 50 mil
ENCRUZILHADA;2000;2910404;32924;10 mil - 50 mil
ENTRE RIOS;1991;2910503;27718;10 mil - 50 mil
ENTRE RIOS;2000;2910503;37513;10 mil - 50 mil
ENTRE RIOS;2010;2910503;39872;10 mil - 50 mil
ÉRICO CARDOSO;2010;2900504;10859;10 mil - 50 mil
ÉRICO CARDOSO;2000;2900504;12160;10 mil - 50 mil
ESPLANADA;1991;2910602;23205;10 mil - 50 mil
ESPLANADA;2000;2910602;27230;10 mil - 50 mil
ESPLANADA;2010;2910602;32802;10 mil - 50 mil
FÁTIMA;2010;2910750;17652;10 mil - 50 mil
FÁTIMA;1991;2910750;17683;10 mil - 50 mil
FÁTIMA;2000;2910750;18298;10 mil - 50 mil
FILADÉLFIA;2010;2910859;16740;10 mil - 50 mil
FILADÉLFIA;1991;2910859;16994;10 mil - 50 mil
FILADÉLFIA;2000;2910859;17194;10 mil - 50 mil
FLORESTA AZUL;2010;2911006;10660;10 mil - 50 mil
FLORESTA AZUL;2000;2911006;11614;10 mil - 50 mil
FLORESTA AZUL;1991;2911006;13940;10 mil - 50 mil
FORMOSA DO RIO PRETO;1991;2911105;15418;10 mil - 50 mil
FORMOSA DO RIO PRETO;2000;2911105;18288;10 mil - 50 mil
FORMOSA DO RIO PRETO;2010;2911105;22528;10 mil - 50 mil
GANDU;1991;2911204;26461;10 mil - 50 mil
GANDU;2000;2911204;27160;10 mil - 50 mil
GANDU;2010;2911204;30336;10 mil - 50 mil
GENTIO DO OURO;2000;2911303;10173;10 mil - 50 mil
GENTIO DO OURO;2010;2911303;10622;10 mil - 50 mil
GENTIO DO OURO;1991;2911303;11093;10 mil - 50 mil
GLÓRIA;1991;2911402;12815;10 mil - 50 mil
GLÓRIA;2000;2911402;14559;10 mil - 50 mil
GLÓRIA;2010;2911402;15076;10 mil - 50 mil
GONGOGI;2000;2911501;10522;10 mil - 50 mil
GOVERNADOR MANGABEIRA;2000;2911600;17165;10 mil - 50 mil
GOVERNADOR MANGABEIRA;1991;2911600;17859;10 mil - 50 mil
GOVERNADOR MANGABEIRA;2010;2911600;19818;10 mil - 50 mil
GUAJERU;2010;2911659;10412;10 mil - 50 mil
GUAJERU;2000;2911659;12836;10 mil - 50 mil
GUARATINGA;2010;2911808;22165;10 mil - 50 mil
GUARATINGA;2000;2911808;24319;10 mil - 50 mil
GUARATINGA;1991;2911808;25441;10 mil - 50 mil
HELIÓPOLIS;1991;2911857;11376;10 mil - 50 mil
HELIÓPOLIS;2000;2911857;13108;10 mil - 50 mil
HELIÓPOLIS;2010;2911857;13192;10 mil - 50 mil
IAÇU;2010;2911907;25736;10 mil - 50 mil
IAÇU;1991;2911907;26065;10 mil - 50 mil
IAÇU;2000;2911907;28501;10 mil - 50 mil
IBIASSUCÊ;2010;2912004;10062;10 mil - 50 mil
IBIASSUCÊ;1991;2912004;11898;10 mil - 50 mil
IBIASSUCÊ;2000;2912004;12828;10 mil - 50 mil
IBICARAÍ;2010;2912103;24272;10 mil - 50 mil
IBICARAÍ;2000;2912103;28861;10 mil - 50 mil
IBICARAÍ;1991;2912103;30560;10 mil - 50 mil
IBICOARA;2000;2912202;14453;10 mil - 50 mil
IBICOARA;2010;2912202;17282;10 mil - 50 mil
IBICUÍ;2000;2912301;15129;10 mil - 50 mil
IBICUÍ;1991;2912301;15636;10 mil - 50 mil
IBICUÍ;2010;2912301;15785;10 mil - 50 mil
IBIPEBA;2000;2912400;15362;10 mil - 50 mil
IBIPEBA;2010;2912400;17008;10 mil - 50 mil
IBIPEBA;1991;2912400;17449;10 mil - 50 mil
IBIPITANGA;1991;2912509;13245;10 mil - 50 mil
IBIPITANGA;2000;2912509;13419;10 mil - 50 mil
IBIPITANGA;2010;2912509;14171;10 mil - 50 mil
IBIRAPITANGA;2000;2912707;22177;10 mil - 50 mil
IBIRAPITANGA;2010;2912707;22598;10 mil - 50 mil
IBIRAPITANGA;1991;2912707;26784;10 mil - 50 mil
IBIRATAIA;2010;2912905;18943;10 mil - 50 mil
IBIRATAIA;1991;2912905;22694;10 mil - 50 mil
IBIRATAIA;2000;2912905;24741;10 mil - 50 mil
IBITIARA;2000;2913002;14443;10 mil - 50 mil
IBITIARA;2010;2913002;15508;10 mil - 50 mil
IBITIARA;1991;2913002;17008;10 mil - 50 mil
IBITITÁ;1991;2913101;17285;10 mil - 50 mil
IBITITÁ;2010;2913101;17840;10 mil - 50 mil
IBITITÁ;2000;2913101;17905;10 mil - 50 mil
IBOTIRAMA;1991;2913200;23270;10 mil - 50 mil
IBOTIRAMA;2000;2913200;24149;10 mil - 50 mil
IBOTIRAMA;2010;2913200;25424;10 mil - 50 mil
IGAPORÃ;1991;2913408;13952;10 mil - 50 mil
IGAPORÃ;2000;2913408;14557;10 mil - 50 mil
IGAPORÃ;2010;2913408;15205;10 mil - 50 mil
IGRAPIÚNA;1991;2913457;12695;10 mil - 50 mil
IGRAPIÚNA;2010;2913457;13343;10 mil - 50 mil
IGRAPIÚNA;2000;2913457;14960;10 mil - 50 mil
IGUAÍ;1991;2913507;22984;10 mil - 50 mil
IGUAÍ;2000;2913507;25134;10 mil - 50 mil
IGUAÍ;2010;2913507;25705;10 mil - 50 mil
INHAMBUPE;1991;2913705;25777;10 mil - 50 mil
INHAMBUPE;2000;2913705;29589;10 mil - 50 mil
INHAMBUPE;2010;2913705;36306;10 mil - 50 mil
IPECAETÁ;2010;2913804;15331;10 mil - 50 mil
IPECAETÁ;1991;2913804;16376;10 mil - 50 mil
IPECAETÁ;2000;2913804;18383;10 mil - 50 mil
IPIAÚ;2000;2913903;43621;10 mil - 50 mil
IPIAÚ;2010;2913903;44390;10 mil - 50 mil
IPIAÚ;1991;2913903;45245;10 mil - 50 mil
IRAMAIA;2010;2914307;11990;10 mil - 50 mil
IRAMAIA;1991;2914307;17199;10 mil - 50 mil
IRAMAIA;2000;2914307;17553;10 mil - 50 mil
IRAQUARA;1991;2914406;17006;10 mil - 50 mil
IRAQUARA;2000;2914406;18334;10 mil - 50 mil
IRAQUARA;2010;2914406;22601;10 mil - 50 mil
IRARÁ;1991;2914505;23869;10 mil - 50 mil
IRARÁ;2000;2914505;25163;10 mil - 50 mil
IRARÁ;2010;2914505;27466;10 mil - 50 mil
ITABELA;1991;2914653;20848;10 mil - 50 mil
ITABELA;2000;2914653;25746;10 mil - 50 mil
ITABELA;2010;2914653;28390;10 mil - 50 mil
ITACARÉ;2000;2914901;18120;10 mil - 50 mil
ITACARÉ;1991;2914901;18431;10 mil - 50 mil
ITACARÉ;2010;2914901;24318;10 mil - 50 mil
ITAETÉ;2000;2915007;14006;10 mil - 50 mil
ITAETÉ;1991;2915007;14296;10 mil - 50 mil
ITAETÉ;2010;2915007;14924;10 mil - 50 mil
ITAGI;2010;2915106;13051;10 mil - 50 mil
ITAGI;1991;2915106;14554;10 mil - 50 mil
ITAGI;2000;2915106;14629;10 mil - 50 mil
ITAGIBÁ;2010;2915205;15193;10 mil - 50 mil
ITAGIBÁ;2000;2915205;17191;10 mil - 50 mil
ITAGIBÁ;1991;2915205;19916;10 mil - 50 mil
ITAGUAÇU DA BAHIA;2000;2915353;11309;10 mil - 50 mil
ITAGUAÇU DA BAHIA;2010;2915353;13209;10 mil - 50 mil
ITAGUAÇU DA BAHIA;1991;2915353;17341;10 mil - 50 mil
ITAJUÍPE;2010;2915502;21081;10 mil - 50 mil
ITAJUÍPE;2000;2915502;22511;10 mil - 50 mil
ITAJUÍPE;1991;2915502;24931;10 mil - 50 mil
ITAMBÉ;2010;2915809;23089;10 mil - 50 mil
ITAMBÉ;1991;2915809;23901;10 mil - 50 mil
ITAMBÉ;2000;2915809;30850;10 mil - 50 mil
ITANHÉM;2010;2916005;20216;10 mil - 50 mil
ITANHÉM;2000;2916005;21334;10 mil - 50 mil
ITANHÉM;1991;2916005;23225;10 mil - 50 mil
ITAPARICA;1991;2916104;15055;10 mil - 50 mil
ITAPARICA;2000;2916104;18945;10 mil - 50 mil
ITAPARICA;2010;2916104;20725;10 mil - 50 mil
ITAPÉ;2010;2916203;10995;10 mil - 50 mil
ITAPÉ;2000;2916203;14639;10 mil - 50 mil
ITAPÉ;1991;2916203;15644;10 mil - 50 mil
ITAPEBI;2010;2916302;10495;10 mil - 50 mil
ITAPEBI;1991;2916302;11078;10 mil - 50 mil
ITAPEBI;2000;2916302;11126;10 mil - 50 mil
ITAPICURU;1991;2916500;24851;10 mil - 50 mil
ITAPICURU;2000;2916500;27315;10 mil - 50 mil
ITAPICURU;2010;2916500;32261;10 mil - 50 mil
ITAPITANGA;2010;2916609;10207;10 mil - 50 mil
ITAPITANGA;2000;2916609;10382;10 mil - 50 mil
ITAPITANGA;1991;2916609;10474;10 mil - 50 mil
ITARANTIM;2000;2916807;16923;10 mil - 50 mil
ITARANTIM;1991;2916807;17216;10 mil - 50 mil
ITARANTIM;2010;2916807;18539;10 mil - 50 mil
ITATIM;1991;2916856;10039;10 mil - 50 mil
ITATIM;2000;2916856;12700;10 mil - 50 mil
ITATIM;2010;2916856;14522;10 mil - 50 mil
ITIRUÇU;1991;2916906;12622;10 mil - 50 mil
ITIRUÇU;2010;2916906;12693;10 mil - 50 mil
ITIRUÇU;2000;2916906;13585;10 mil - 50 mil
ITIÚBA;1991;2917003;34403;10 mil - 50 mil
ITIÚBA;2000;2917003;35543;10 mil - 50 mil
ITIÚBA;2010;2917003;36113;10 mil - 50 mil
ITORORÓ;2000;2917102;19799;10 mil - 50 mil
ITORORÓ;2010;2917102;19914;10 mil - 50 mil
ITORORÓ;1991;2917102;20510;10 mil - 50 mil
ITUAÇU;1991;2917201;16095;10 mil - 50 mil
ITUAÇU;2000;2917201;17268;10 mil - 50 mil
ITUAÇU;2010;2917201;18127;10 mil - 50 mil
ITUBERÁ;1991;2917300;20553;10 mil - 50 mil
ITUBERÁ;2000;2917300;24133;10 mil - 50 mil
ITUBERÁ;2010;2917300;26591;10 mil - 50 mil
IUIU;2000;2917334;10489;10 mil - 50 mil
IUIU;1991;2917334;10841;10 mil - 50 mil
IUIU;2010;2917334;10900;10 mil - 50 mil
JABORANDI;2000;2917359;10288;10 mil - 50 mil
JABORANDI;1991;2917359;11692;10 mil - 50 mil
JACARACI;2000;2917409;13520;10 mil - 50 mil
JACARACI;2010;2917409;13651;10 mil - 50 mil
JACARACI;1991;2917409;13939;10 mil - 50 mil
JAGUAQUARA;1991;2917607;39372;10 mil - 50 mil
JAGUAQUARA;2000;2917607;46621;10 mil - 50 mil
JAGUARARI;2000;2917706;27412;10 mil - 50 mil
JAGUARARI;2010;2917706;30343;10 mil - 50 mil
JAGUARARI;1991;2917706;31141;10 mil - 50 mil
JAGUARIPE;2000;2917805;13422;10 mil - 50 mil
JAGUARIPE;1991;2917805;13840;10 mil - 50 mil
JAGUARIPE;2010;2917805;16467;10 mil - 50 mil
JANDAÍRA;2000;2917904;10027;10 mil - 50 mil
JANDAÍRA;2010;2917904;10331;10 mil - 50 mil
JEREMOABO;2000;2918100;34916;10 mil - 50 mil
JEREMOABO;2010;2918100;37680;10 mil - 50 mil
JEREMOABO;1991;2918100;38449;10 mil - 50 mil
JIQUIRIÇÁ;1991;2918209;11763;10 mil - 50 mil
JIQUIRIÇÁ;2000;2918209;13638;10 mil - 50 mil
JIQUIRIÇÁ;2010;2918209;14118;10 mil - 50 mil
JITAÚNA;2010;2918308;14115;10 mil - 50 mil
JITAÚNA;1991;2918308;20831;10 mil - 50 mil
JITAÚNA;2000;2918308;21056;10 mil - 50 mil
JOÃO DOURADO;2000;2918357;18967;10 mil - 50 mil
JOÃO DOURADO;1991;2918357;19211;10 mil - 50 mil
JOÃO DOURADO;2010;2918357;22549;10 mil - 50 mil
JUCURUÇU;2010;2918456;10290;10 mil - 50 mil
JUCURUÇU;2000;2918456;12377;10 mil - 50 mil
JUCURUÇU;1991;2918456;16012;10 mil - 50 mil
JUSSARA;1991;2918506;14002;10 mil - 50 mil
JUSSARA;2010;2918506;15052;10 mil - 50 mil
JUSSARA;2000;2918506;15339;10 mil - 50 mil
JUSSIAPE;2000;2918605;10051;10 mil - 50 mil
JUSSIAPE;1991;2918605;10229;10 mil - 50 mil
LAGOA REAL;1991;2918753;10978;10 mil - 50 mil
LAGOA REAL;2000;2918753;12765;10 mil - 50 mil
LAGOA REAL;2010;2918753;13934;10 mil - 50 mil
LAJE;1991;2918803;18319;10 mil - 50 mil
LAJE;2000;2918803;19601;10 mil - 50 mil
LAJE;2010;2918803;22201;10 mil - 50 mil
LAMARÃO;1991;2919108;10275;10 mil - 50 mil
LAPÃO;1991;2919157;20913;10 mil - 50 mil
LAPÃO;2000;2919157;24727;10 mil - 50 mil
LAPÃO;2010;2919157;25646;10 mil - 50 mil
LENÇÓIS;2010;2919306;10368;10 mil - 50 mil
LICÍNIO DE ALMEIDA;2010;2919405;12311;10 mil - 50 mil
LICÍNIO DE ALMEIDA;2000;2919405;12349;10 mil - 50 mil
LICÍNIO DE ALMEIDA;1991;2919405;14089;10 mil - 50 mil
LIVRAMENTO DE N. SENHORA;1991;2919504;34345;10 mil - 50 mil
LIVRAMENTO DE N. SENHORA;2000;2919504;38025;10 mil - 50 mil
LIVRAMENTO DE N. SENHORA;2010;2919504;42693;10 mil - 50 mil
MACAJUBA;1991;2919603;10479;10 mil - 50 mil
MACAJUBA;2010;2919603;11229;10 mil - 50 mil
MACAJUBA;2000;2919603;11474;10 mil - 50 mil
MACARANI;1991;2919702;14057;10 mil - 50 mil
MACARANI;2000;2919702;14594;10 mil - 50 mil
MACARANI;2010;2919702;17093;10 mil - 50 mil
MACAÚBAS;1991;2919801;34558;10 mil - 50 mil
MACAÚBAS;2000;2919801;41806;10 mil - 50 mil
MACAÚBAS;2010;2919801;47051;10 mil - 50 mil
MADRE DE DEUS;2000;2919926;12036;10 mil - 50 mil
MADRE DE DEUS;2010;2919926;17376;10 mil - 50 mil
MAETINGA;1991;2919959;10399;10 mil - 50 mil
MAETINGA;2000;2919959;13686;10 mil - 50 mil
MAIRI;2010;2920106;19326;10 mil - 50 mil
MAIRI;2000;2920106;20085;10 mil - 50 mil
MAIRI;1991;2920106;20769;10 mil - 50 mil
MALHADA;1991;2920205;15210;10 mil - 50 mil
MALHADA;2000;2920205;15614;10 mil - 50 mil
MALHADA;2010;2920205;16014;10 mil - 50 mil
MANOEL VITORINO;2010;2920403;14387;10 mil - 50 mil
MANOEL VITORINO;2000;2920403;16704;10 mil - 50 mil
MANOEL VITORINO;1991;2920403;17025;10 mil - 50 mil
MANSIDÃO;1991;2920452;10290;10 mil - 50 mil
MANSIDÃO;2000;2920452;11046;10 mil - 50 mil
MANSIDÃO;2010;2920452;12592;10 mil - 50 mil
MARACÁS;2010;2920502;24613;10 mil - 50 mil
MARACÁS;1991;2920502;27154;10 mil - 50 mil
MARACÁS;2000;2920502;31683;10 mil - 50 mil
MARAGOGIPE;1991;2920601;38811;10 mil - 50 mil
MARAGOGIPE;2000;2920601;40314;10 mil - 50 mil
MARAGOGIPE;2010;2920601;42815;10 mil - 50 mil
MARAÚ;1991;2920700;17496;10 mil - 50 mil
MARAÚ;2000;2920700;18366;10 mil - 50 mil
MARAÚ;2010;2920700;19101;10 mil - 50 mil
MARCIONÍLIO SOUZA;2010;2920809;10500;10 mil - 50 mil
MARCIONÍLIO SOUZA;2000;2920809;10775;10 mil - 50 mil
MARCIONÍLIO SOUZA;1991;2920809;13661;10 mil - 50 mil
MASCOTE;2010;2920908;14640;10 mil - 50 mil
MASCOTE;2000;2920908;16093;10 mil - 50 mil
MASCOTE;1991;2920908;20178;10 mil - 50 mil
MATA DE SÃO JOÃO;1991;2921005;30535;10 mil - 50 mil
MATA DE SÃO JOÃO;2000;2921005;32568;10 mil - 50 mil
MATA DE SÃO JOÃO;2010;2921005;40183;10 mil - 50 mil
MATINA;2000;2921054;10242;10 mil - 50 mil
MATINA;2010;2921054;11145;10 mil - 50 mil
MEDEIROS NETO;2000;2921104;21235;10 mil - 50 mil
MEDEIROS NETO;2010;2921104;21560;10 mil - 50 mil
MEDEIROS NETO;1991;2921104;23059;10 mil - 50 mil
MIGUEL CALMON;1991;2921203;25260;10 mil - 50 mil
MIGUEL CALMON;2010;2921203;26475;10 mil - 50 mil
MIGUEL CALMON;2000;2921203;28267;10 mil - 50 mil
MILAGRES;2010;2921302;10306;10 mil - 50 mil
MILAGRES;2000;2921302;12067;10 mil - 50 mil
MIRANGABA;2000;2921401;14261;10 mil - 50 mil
MIRANGABA;1991;2921401;14651;10 mil - 50 mil
MIRANGABA;2010;2921401;16279;10 mil - 50 mil
MIRANTE;2010;2921450;10507;10 mil - 50 mil
MIRANTE;2000;2921450;13666;10 mil - 50 mil
MORRO DO CHAPÉU;1991;2921708;31766;10 mil - 50 mil
MORRO DO CHAPÉU;2000;2921708;34494;10 mil - 50 mil
MORRO DO CHAPÉU;2010;2921708;35164;10 mil - 50 mil
MORTUGABA;2010;2921807;12477;10 mil - 50 mil
MORTUGABA;2000;2921807;12598;10 mil - 50 mil
MORTUGABA;1991;2921807;12907;10 mil - 50 mil
MUCUGÊ;1991;2921906;10334;10 mil - 50 mil
MUCUGÊ;2010;2921906;10545;10 mil - 50 mil
MUCUGÊ;2000;2921906;13682;10 mil - 50 mil
MUCURI;1991;2922003;17606;10 mil - 50 mil
MUCURI;2000;2922003;28062;10 mil - 50 mil
MUCURI;2010;2922003;36026;10 mil - 50 mil
MULUNGU DO MORRO;2010;2922052;12249;10 mil - 50 mil
MULUNGU DO MORRO;1991;2922052;13741;10 mil - 50 mil
MULUNGU DO MORRO;2000;2922052;15119;10 mil - 50 mil
MUNDO NOVO;2000;2922102;21273;10 mil - 50 mil
MUNDO NOVO;2010;2922102;24395;10 mil - 50 mil
MUNDO NOVO;1991;2922102;30854;10 mil - 50 mil
MUQUÉM DO SÃO FRANCISCO;2010;2922250;10272;10 mil - 50 mil
MURITIBA;1991;2922300;24534;10 mil - 50 mil
MURITIBA;2010;2922300;28899;10 mil - 50 mil
MURITIBA;2000;2922300;30644;10 mil - 50 mil
MUTUÍPE;2000;2922409;20462;10 mil - 50 mil
MUTUÍPE;1991;2922409;20491;10 mil - 50 mil
MUTUÍPE;2010;2922409;21449;10 mil - 50 mil
NAZARÉ;1991;2922508;25954;10 mil - 50 mil
NAZARÉ;2000;2922508;26365;10 mil - 50 mil
NAZARÉ;2010;2922508;27274;10 mil - 50 mil
NILO PEÇANHA;2000;2922607;11213;10 mil - 50 mil
NILO PEÇANHA;1991;2922607;12290;10 mil - 50 mil
NILO PEÇANHA;2010;2922607;12530;10 mil - 50 mil
NORDESTINA;2000;2922656;11800;10 mil - 50 mil
NORDESTINA;2010;2922656;12371;10 mil - 50 mil
NOVA CANAÃ;1991;2922706;13815;10 mil - 50 mil
NOVA CANAÃ;2000;2922706;15366;10 mil - 50 mil
NOVA CANAÃ;2010;2922706;16713;10 mil - 50 mil
NOVA FÁTIMA;1991;2922730;10445;10 mil - 50 mil
NOVA IBIÁ;1991;2922755;10502;10 mil - 50 mil
NOVA REDENÇÃO;1991;2922854;10318;10 mil - 50 mil
NOVA SOURE;2010;2922904;24136;10 mil - 50 mil
NOVA SOURE;2000;2922904;24405;10 mil - 50 mil
NOVA SOURE;1991;2922904;24674;10 mil - 50 mil
NOVA VIÇOSA;1991;2923001;25570;10 mil - 50 mil
NOVA VIÇOSA;2000;2923001;32076;10 mil - 50 mil
NOVA VIÇOSA;2010;2923001;38556;10 mil - 50 mil
NOVO HORIZONTE;1991;2923035;10184;10 mil - 50 mil
NOVO HORIZONTE;2010;2923035;10673;10 mil - 50 mil
NOVO TRIUNFO;1991;2923050;11080;10 mil - 50 mil
NOVO TRIUNFO;2000;2923050;13599;10 mil - 50 mil
NOVO TRIUNFO;2010;2923050;15051;10 mil - 50 mil
OLINDINA;1991;2923100;21462;10 mil - 50 mil
OLINDINA;2000;2923100;23909;10 mil - 50 mil
OLINDINA;2010;2923100;24943;10 mil - 50 mil
OLIVEIRA DOS BREJINHOS;1991;2923209;21105;10 mil - 50 mil
OLIVEIRA DOS BREJINHOS;2000;2923209;21670;10 mil - 50 mil
OLIVEIRA DOS BREJINHOS;2010;2923209;21831;10 mil - 50 mil
OUROLÂNDIA;1991;2923357;12235;10 mil - 50 mil
OUROLÂNDIA;2000;2923357;15356;10 mil - 50 mil
OUROLÂNDIA;2010;2923357;16425;10 mil - 50 mil
PALMAS DE MONTE ALTO;2000;2923407;20099;10 mil - 50 mil
PALMAS DE MONTE ALTO;1991;2923407;20477;10 mil - 50 mil
PALMAS DE MONTE ALTO;2010;2923407;20775;10 mil - 50 mil
PARAMIRIM;2000;2923605;18921;10 mil - 50 mil
PARAMIRIM;2010;2923605;21001;10 mil - 50 mil
PARAMIRIM;1991;2923605;22577;10 mil - 50 mil
PARATINGA;1991;2923704;24181;10 mil - 50 mil
PARATINGA;2000;2923704;27679;10 mil - 50 mil
PARATINGA;2010;2923704;29504;10 mil - 50 mil
PARIPIRANGA;1991;2923803;26027;10 mil - 50 mil
PARIPIRANGA;2000;2923803;26591;10 mil - 50 mil
PARIPIRANGA;2010;2923803;27778;10 mil - 50 mil
PAU BRASIL;2010;2923902;10852;10 mil - 50 mil
PAU BRASIL;2000;2923902;13048;10 mil - 50 mil
PAU BRASIL;1991;2923902;16179;10 mil - 50 mil
PÉ DE SERRA;2000;2924058;13531;10 mil - 50 mil
PÉ DE SERRA;2010;2924058;13752;10 mil - 50 mil
PÉ DE SERRA;1991;2924058;17048;10 mil - 50 mil
PEDRO ALEXANDRE;1991;2924207;14801;10 mil - 50 mil
PEDRO ALEXANDRE;2000;2924207;16953;10 mil - 50 mil
PEDRO ALEXANDRE;2010;2924207;16995;10 mil - 50 mil
PIATÃ;2010;2924306;17982;10 mil - 50 mil
PIATÃ;1991;2924306;18308;10 mil - 50 mil
PIATÃ;2000;2924306;18977;10 mil - 50 mil
PILÃO ARCADO;2000;2924405;30713;10 mil - 50 mil
PILÃO ARCADO;1991;2924405;31949;10 mil - 50 mil
PILÃO ARCADO;2010;2924405;32860;10 mil - 50 mil
PINDAÍ;2000;2924504;15494;10 mil - 50 mil
PINDAÍ;2010;2924504;15628;10 mil - 50 mil
PINDAÍ;1991;2924504;16575;10 mil - 50 mil
PINDOBAÇU;2010;2924603;20121;10 mil - 50 mil
PINDOBAÇU;2000;2924603;20869;10 mil - 50 mil
PINDOBAÇU;1991;2924603;24047;10 mil - 50 mil
PINTADAS;2010;2924652;10342;10 mil - 50 mil
PINTADAS;1991;2924652;10405;10 mil - 50 mil
PINTADAS;2000;2924652;10927;10 mil - 50 mil
PIRAÍ DO NORTE;2000;2924678;10425;10 mil - 50 mil
PIRAÍ DO NORTE;1991;2924678;13759;10 mil - 50 mil
PIRIPÁ;1991;2924702;10416;10 mil - 50 mil
PIRIPÁ;2010;2924702;12783;10 mil - 50 mil
PIRIPÁ;2000;2924702;16128;10 mil - 50 mil
PIRITIBA;2000;2924801;19037;10 mil - 50 mil
PIRITIBA;2010;2924801;22399;10 mil - 50 mil
PIRITIBA;1991;2924801;24176;10 mil - 50 mil
PLANALTINO;1991;2924900;10332;10 mil - 50 mil
PLANALTO;2000;2925006;21707;10 mil - 50 mil
PLANALTO;1991;2925006;23526;10 mil - 50 mil
PLANALTO;2010;2925006;24481;10 mil - 50 mil
POÇÕES;1991;2925105;37834;10 mil - 50 mil
POÇÕES;2000;2925105;44213;10 mil - 50 mil
POÇÕES;2010;2925105;44701;10 mil - 50 mil
POJUCA;1991;2925204;22485;10 mil - 50 mil
POJUCA;2000;2925204;26203;10 mil - 50 mil
POJUCA;2010;2925204;33066;10 mil - 50 mil
PONTO NOVO;2010;2925253;15742;10 mil - 50 mil
PONTO NOVO;1991;2925253;17171;10 mil - 50 mil
PONTO NOVO;2000;2925253;17187;10 mil - 50 mil
PORTO SEGURO;1991;2925303;34661;10 mil - 50 mil
POTIRAGUÁ;1991;2925402;10389;10 mil - 50 mil
POTIRAGUÁ;2000;2925402;14579;10 mil - 50 mil
PRADO;1991;2925501;22632;10 mil - 50 mil
PRADO;2000;2925501;26498;10 mil - 50 mil
PRADO;2010;2925501;27627;10 mil - 50 mil
PRESIDENTE DUTRA;2000;2925600;13730;10 mil - 50 mil
PRESIDENTE DUTRA;2010;2925600;13750;10 mil - 50 mil
PRESIDENTE DUTRA;1991;2925600;13833;10 mil - 50 mil
PRESIDENTE JÂNIO QUADROS;2010;2925709;13652;10 mil - 50 mil
PRESIDENTE JÂNIO QUADROS;1991;2925709;14125;10 mil - 50 mil
PRESIDENTE JÂNIO QUADROS;2000;2925709;17045;10 mil - 50 mil
PRESIDENTE TANCREDO NEVES;1991;2925758;18535;10 mil - 50 mil
PRESIDENTE TANCREDO NEVES;2000;2925758;19404;10 mil - 50 mil
PRESIDENTE TANCREDO NEVES;2010;2925758;23846;10 mil - 50 mil
QUEIMADAS;1991;2925808;23162;10 mil - 50 mil
QUEIMADAS;2010;2925808;24602;10 mil - 50 mil
QUEIMADAS;2000;2925808;24613;10 mil - 50 mil
QUIJINGUE;1991;2925907;23958;10 mil - 50 mil
QUIJINGUE;2000;2925907;26376;10 mil - 50 mil
QUIJINGUE;2010;2925907;27228;10 mil - 50 mil
QUIXABEIRA;1991;2925931;13927;10 mil - 50 mil
RAFAEL JAMBEIRO;1991;2925956;22572;10 mil - 50 mil
RAFAEL JAMBEIRO;2000;2925956;22600;10 mil - 50 mil
RAFAEL JAMBEIRO;2010;2925956;22874;10 mil - 50 mil
REMANSO;1991;2926004;34381;10 mil - 50 mil
REMANSO;2000;2926004;36257;10 mil - 50 mil
REMANSO;2010;2926004;38957;10 mil - 50 mil
RETIROLÂNDIA;2000;2926103;10891;10 mil - 50 mil
RETIROLÂNDIA;1991;2926103;11300;10 mil - 50 mil
RETIROLÂNDIA;2010;2926103;12055;10 mil - 50 mil
RIACHÃO DAS NEVES;1991;2926202;20282;10 mil - 50 mil
RIACHÃO DAS NEVES;2000;2926202;21917;10 mil - 50 mil
RIACHÃO DAS NEVES;2010;2926202;21937;10 mil - 50 mil
RIACHÃO DO JACUÍPE;2000;2926301;31633;10 mil - 50 mil
RIACHÃO DO JACUÍPE;2010;2926301;33172;10 mil - 50 mil
RIACHÃO DO JACUÍPE;1991;2926301;37610;10 mil - 50 mil
RIACHO DE SANTANA;1991;2926400;27259;10 mil - 50 mil
RIACHO DE SANTANA;2000;2926400;28643;10 mil - 50 mil
RIACHO DE SANTANA;2010;2926400;30646;10 mil - 50 mil
RIBEIRA DO AMPARO;2000;2926509;13903;10 mil - 50 mil
RIBEIRA DO AMPARO;1991;2926509;13942;10 mil - 50 mil
RIBEIRA DO AMPARO;2010;2926509;14276;10 mil - 50 mil
RIBEIRA DO POMBAL;1991;2926608;42509;10 mil - 50 mil
RIBEIRA DO POMBAL;2000;2926608;46270;10 mil - 50 mil
RIBEIRA DO POMBAL;2010;2926608;47518;10 mil - 50 mil
RIBEIRÃO DO LARGO;1991;2926657;10930;10 mil - 50 mil
RIBEIRÃO DO LARGO;2000;2926657;15303;10 mil - 50 mil
RIO DE CONTAS;2010;2926707;13007;10 mil - 50 mil
RIO DE CONTAS;2000;2926707;13935;10 mil - 50 mil
RIO DE CONTAS;1991;2926707;14068;10 mil - 50 mil
RIO DO ANTÔNIO;1991;2926806;13322;10 mil - 50 mil
RIO DO ANTÔNIO;2000;2926806;14637;10 mil - 50 mil
RIO DO ANTÔNIO;2010;2926806;14815;10 mil - 50 mil
RIO DO PIRES;2010;2926905;11918;10 mil - 50 mil
RIO DO PIRES;2000;2926905;12010;10 mil - 50 mil
RIO DO PIRES;1991;2926905;12101;10 mil - 50 mil
RIO REAL;1991;2927002;27783;10 mil - 50 mil
RIO REAL;2000;2927002;33260;10 mil - 50 mil
RIO REAL;2010;2927002;37164;10 mil - 50 mil
RUY BARBOSA;2000;2927200;29026;10 mil - 50 mil
RUY BARBOSA;2010;2927200;29887;10 mil - 50 mil
RUY BARBOSA;1991;2927200;30052;10 mil - 50 mil
SALINAS DA MARGARIDA;2000;2927309;10377;10 mil - 50 mil
SALINAS DA MARGARIDA;2010;2927309;13456;10 mil - 50 mil
SANTA BÁRBARA;1991;2927507;16768;10 mil - 50 mil
SANTA BÁRBARA;2000;2927507;17933;10 mil - 50 mil
SANTA BÁRBARA;2010;2927507;19064;10 mil - 50 mil
SANTA BRÍGIDA;1991;2927606;13290;10 mil - 50 mil
SANTA BRÍGIDA;2010;2927606;15060;10 mil - 50 mil
SANTA BRÍGIDA;2000;2927606;16903;10 mil - 50 mil
SANTA CRUZ CABRÁLIA;2000;2927705;23888;10 mil - 50 mil
SANTA CRUZ CABRÁLIA;2010;2927705;26264;10 mil - 50 mil
SANTA INÊS;1991;2927903;10048;10 mil - 50 mil
SANTA INÊS;2010;2927903;10363;10 mil - 50 mil
SANTA INÊS;2000;2927903;11027;10 mil - 50 mil
SANTA LUZIA;2010;2928059;13344;10 mil - 50 mil
SANTA LUZIA;2000;2928059;15503;10 mil - 50 mil
SANTA LUZIA;1991;2928059;16319;10 mil - 50 mil
SANTA MARIA DA VITÓRIA;2010;2928109;40309;10 mil - 50 mil
SANTA MARIA DA VITÓRIA;2000;2928109;41261;10 mil - 50 mil
SANTA MARIA DA VITÓRIA;1991;2928109;41528;10 mil - 50 mil
SANTA RITA DE CÁSSIA;1991;2928406;23240;10 mil - 50 mil
SANTA RITA DE CÁSSIA;2000;2928406;24026;10 mil - 50 mil
SANTA RITA DE CÁSSIA;2010;2928406;26250;10 mil - 50 mil
SANTALUZ;1991;2928000;30634;10 mil - 50 mil
SANTALUZ;2000;2928000;30955;10 mil - 50 mil
SANTALUZ;2010;2928000;33838;10 mil - 50 mil
SANTANA;2000;2928208;24139;10 mil - 50 mil
SANTANA;1991;2928208;24669;10 mil - 50 mil
SANTANA;2010;2928208;24750;10 mil - 50 mil
SANTO ESTEVÃO;1991;2928802;37007;10 mil - 50 mil
SANTO ESTEVÃO;2000;2928802;41145;10 mil - 50 mil
SANTO ESTEVÃO;2010;2928802;47880;10 mil - 50 mil
SÃO DESIDÉRIO;1991;2928901;18977;10 mil - 50 mil
SÃO DESIDÉRIO;2000;2928901;19006;10 mil - 50 mil
SÃO DESIDÉRIO;2010;2928901;27659;10 mil - 50 mil
SÃO DOMINGOS;1991;2928950;10276;10 mil - 50 mil
SÃO FELIPE;1991;2929107;20107;10 mil - 50 mil
SÃO FELIPE;2000;2929107;20228;10 mil - 50 mil
SÃO FELIPE;2010;2929107;20305;10 mil - 50 mil
SÃO FÉLIX;1991;2929008;12182;10 mil - 50 mil
SÃO FÉLIX;2000;2929008;13699;10 mil - 50 mil
SÃO FÉLIX;2010;2929008;14098;10 mil - 50 mil
SÃO FÉLIX DO CORIBE;2000;2929057;11758;10 mil - 50 mil
SÃO FÉLIX DO CORIBE;1991;2929057;11916;10 mil - 50 mil
SÃO FÉLIX DO CORIBE;2010;2929057;13048;10 mil - 50 mil
SÃO FRANCISCO DO CONDE;1991;2929206;20238;10 mil - 50 mil
SÃO FRANCISCO DO CONDE;2000;2929206;26282;10 mil - 50 mil
SÃO FRANCISCO DO CONDE;2010;2929206;33183;10 mil - 50 mil
SÃO GABRIEL;1991;2929255;17884;10 mil - 50 mil
SÃO GABRIEL;2000;2929255;18412;10 mil - 50 mil
SÃO GABRIEL;2010;2929255;18427;10 mil - 50 mil
SÃO GONÇALO DOS CAMPOS;1991;2929305;24288;10 mil - 50 mil
SÃO GONÇALO DOS CAMPOS;2000;2929305;27000;10 mil - 50 mil
SÃO GONÇALO DOS CAMPOS;2010;2929305;33283;10 mil - 50 mil
SÃO JOSÉ DO JACUÍPE;2010;2929370;10180;10 mil - 50 mil
SÃO JOSÉ DO JACUÍPE;1991;2929370;14100;10 mil - 50 mil
SÃO MIGUEL DAS MATAS;2000;2929404;10020;10 mil - 50 mil
SÃO MIGUEL DAS MATAS;2010;2929404;10414;10 mil - 50 mil
SÃO SEBASTIÃO DO PASSÉ;1991;2929503;36825;10 mil - 50 mil
SÃO SEBASTIÃO DO PASSÉ;2000;2929503;39960;10 mil - 50 mil
SÃO SEBASTIÃO DO PASSÉ;2010;2929503;42153;10 mil - 50 mil
SAPEAÇU;1991;2929602;15192;10 mil - 50 mil
SAPEAÇU;2000;2929602;16450;10 mil - 50 mil
SAPEAÇU;2010;2929602;16585;10 mil - 50 mil
SÁTIRO DIAS;1991;2929701;13679;10 mil - 50 mil
SÁTIRO DIAS;2000;2929701;17251;10 mil - 50 mil
SÁTIRO DIAS;2010;2929701;18964;10 mil - 50 mil
SAUBARA;2000;2929750;10193;10 mil - 50 mil
SAUBARA;2010;2929750;11201;10 mil - 50 mil
SAÚDE;1991;2929800;11389;10 mil - 50 mil
SAÚDE;2000;2929800;11488;10 mil - 50 mil
SAÚDE;2010;2929800;11845;10 mil - 50 mil
SEABRA;1991;2929909;37859;10 mil - 50 mil
SEABRA;2000;2929909;39422;10 mil - 50 mil
SEABRA;2010;2929909;41798;10 mil - 50 mil
SEBASTIÃO LARANJEIRAS;2010;2930006;10371;10 mil - 50 mil
SENTO SÉ;1991;2930204;28387;10 mil - 50 mil
SENTO SÉ;2000;2930204;32461;10 mil - 50 mil
SENTO SÉ;2010;2930204;37425;10 mil - 50 mil
SERRA DO RAMALHO;2010;2930154;31638;10 mil - 50 mil
SERRA DO RAMALHO;2000;2930154;32600;10 mil - 50 mil
SERRA DO RAMALHO;1991;2930154;33164;10 mil - 50 mil
SERRA DOURADA;1991;2930303;17473;10 mil - 50 mil
SERRA DOURADA;2000;2930303;18015;10 mil - 50 mil
SERRA DOURADA;2010;2930303;18112;10 mil - 50 mil
SERRA PRETA;2010;2930402;15401;10 mil - 50 mil
SERRA PRETA;1991;2930402;17656;10 mil - 50 mil
SERRA PRETA;2000;2930402;17726;10 mil - 50 mil
SERROLÂNDIA;1991;2930600;11812;10 mil - 50 mil
SERROLÂNDIA;2010;2930600;12344;10 mil - 50 mil
SERROLÂNDIA;2000;2930600;12616;10 mil - 50 mil
SÍTIO DO MATO;2000;2930758;11752;10 mil - 50 mil
SÍTIO DO MATO;2010;2930758;12050;10 mil - 50 mil
SÍTIO DO QUINTO;1991;2930766;12050;10 mil - 50 mil
SÍTIO DO QUINTO;2010;2930766;12592;10 mil - 50 mil
SÍTIO DO QUINTO;2000;2930766;17031;10 mil - 50 mil
SOBRADINHO;1991;2930774;21208;10 mil - 50 mil
SOBRADINHO;2000;2930774;21325;10 mil - 50 mil
SOBRADINHO;2010;2930774;22000;10 mil - 50 mil
SOUTO SOARES;2000;2930808;14795;10 mil - 50 mil
SOUTO SOARES;2010;2930808;15899;10 mil - 50 mil
SOUTO SOARES;1991;2930808;18356;10 mil - 50 mil
TABOCAS DO BREJO VELHO;1991;2930907;11281;10 mil - 50 mil
TABOCAS DO BREJO VELHO;2010;2930907;11431;10 mil - 50 mil
TABOCAS DO BREJO VELHO;2000;2930907;12619;10 mil - 50 mil
TANHAÇU;1991;2931004;18310;10 mil - 50 mil
TANHAÇU;2010;2931004;20013;10 mil - 50 mil
TANHAÇU;2000;2931004;20044;10 mil - 50 mil
TANQUE NOVO;1991;2931053;12661;10 mil - 50 mil
TANQUE NOVO;2000;2931053;15771;10 mil - 50 mil
TANQUE NOVO;2010;2931053;16128;10 mil - 50 mil
TANQUINHO;1991;2931103;10280;10 mil - 50 mil
TAPEROÁ;2000;2931202;15933;10 mil - 50 mil
TAPEROÁ;1991;2931202;17046;10 mil - 50 mil
TAPEROÁ;2010;2931202;18748;10 mil - 50 mil
TAPIRAMUTÁ;1991;2931301;13691;10 mil - 50 mil
TAPIRAMUTÁ;2010;2931301;16516;10 mil - 50 mil
TAPIRAMUTÁ;2000;2931301;17061;10 mil - 50 mil
TEOFILÂNDIA;2000;2931509;20432;10 mil - 50 mil
TEOFILÂNDIA;2010;2931509;21482;10 mil - 50 mil
TEOFILÂNDIA;1991;2931509;21570;10 mil - 50 mil
TEOLÂNDIA;1991;2931608;12433;10 mil - 50 mil
TEOLÂNDIA;2000;2931608;12572;10 mil - 50 mil
TEOLÂNDIA;2010;2931608;14836;10 mil - 50 mil
TERRA NOVA;1991;2931707;12238;10 mil - 50 mil
TERRA NOVA;2010;2931707;12803;10 mil - 50 mil
TERRA NOVA;2000;2931707;12875;10 mil - 50 mil
TREMEDAL;2010;2931806;17029;10 mil - 50 mil
TREMEDAL;1991;2931806;20867;10 mil - 50 mil
TREMEDAL;2000;2931806;21200;10 mil - 50 mil
TUCANO;1991;2931905;46618;10 mil - 50 mil
UAUÁ;2010;2932002;24294;10 mil - 50 mil
UAUÁ;1991;2932002;24343;10 mil - 50 mil
UAUÁ;2000;2932002;25993;10 mil - 50 mil
UBAÍRA;2010;2932101;19750;10 mil - 50 mil
UBAÍRA;2000;2932101;20595;10 mil - 50 mil
UBAÍRA;1991;2932101;20809;10 mil - 50 mil
UBAITABA;2010;2932200;20691;10 mil - 50 mil
UBAITABA;1991;2932200;21062;10 mil - 50 mil
UBAITABA;2000;2932200;23854;10 mil - 50 mil
UBATÃ;2000;2932309;21803;10 mil - 50 mil
UBATÃ;2010;2932309;25004;10 mil - 50 mil
UBATÃ;1991;2932309;25900;10 mil - 50 mil
UIBAÍ;2000;2932408;13614;10 mil - 50 mil
UIBAÍ;1991;2932408;13616;10 mil - 50 mil
UIBAÍ;2010;2932408;13625;10 mil - 50 mil
UMBURANAS;1991;2932457;11540;10 mil - 50 mil
UMBURANAS;2000;2932457;14140;10 mil - 50 mil
UMBURANAS;2010;2932457;17000;10 mil - 50 mil
UNA;1991;2932507;23757;10 mil - 50 mil
UNA;2010;2932507;24110;10 mil - 50 mil
UNA;2000;2932507;31261;10 mil - 50 mil
URANDI;1991;2932606;15974;10 mil - 50 mil
URANDI;2000;2932606;16076;10 mil - 50 mil
URANDI;2010;2932606;16466;10 mil - 50 mil
URUÇUCA;2010;2932705;19837;10 mil - 50 mil
URUÇUCA;2000;2932705;20323;10 mil - 50 mil
URUÇUCA;1991;2932705;30763;10 mil - 50 mil
UTINGA;2000;2932804;16889;10 mil - 50 mil
UTINGA;1991;2932804;17048;10 mil - 50 mil
UTINGA;2010;2932804;18173;10 mil - 50 mil
VALENTE;1991;2933000;17830;10 mil - 50 mil
VALENTE;2000;2933000;19145;10 mil - 50 mil
VALENTE;2010;2933000;24560;10 mil - 50 mil
VÁRZEA DA ROÇA;1991;2933059;13448;10 mil - 50 mil
VÁRZEA DA ROÇA;2000;2933059;13633;10 mil - 50 mil
VÁRZEA DA ROÇA;2010;2933059;13786;10 mil - 50 mil
VÁRZEA NOVA;2010;2933158;13073;10 mil - 50 mil
VÁRZEA NOVA;2000;2933158;14154;10 mil - 50 mil
VÁRZEA NOVA;1991;2933158;17144;10 mil - 50 mil
VERA CRUZ;1991;2933208;22136;10 mil - 50 mil
VERA CRUZ;2000;2933208;29750;10 mil - 50 mil
VERA CRUZ;2010;2933208;37567;10 mil - 50 mil
WANDERLEY;2010;2933455;12485;10 mil - 50 mil
WANDERLEY;1991;2933455;13637;10 mil - 50 mil
WANDERLEY;2000;2933455;13649;10 mil - 50 mil
WENCESLAU GUIMARÃES;1991;2933505;17254;10 mil - 50 mil
WENCESLAU GUIMARÃES;2010;2933505;22189;10 mil - 50 mil
WENCESLAU GUIMARÃES;2000;2933505;23926;10 mil - 50 mil
XIQUE-XIQUE;1991;2933604;40373;10 mil - 50 mil
XIQUE-XIQUE;2000;2933604;44718;10 mil - 50 mil
XIQUE-XIQUE;2010;2933604;45536;10 mil - 50 mil
